INICIO,Población Femenina,,,,,,,,,,,,,,,,,,,,,,,,,,,,,,,,INICIO,,,,,,,,,,,,,,,,,,,,,,,,,,,,,,,
ARICA,POBLACIÓN MASCULINA POR AÑOS; SEGÚN EDAD SIMPLE. 1990-2020,,,,,,,,,,,,,,,,,,,,,,,,,,,,,,,,ARICA,POBLACIÓN FEMENINA POR AÑOS; SEGÚN EDAD SIMPLE. 1990-2020,,,,,,,,,,,,,,,,,,,,,,,,,,,,,,
,,,,,,,,,,,,,,,,,,,,,,,,,,,,,,,,,,,,,,,,,,,,,,,,,,,,,,,,,,,,,,,,
EDAD,1990,1991,1992,1993,1994,1995,1996,1997,1998,1999,2000,2001,2002,2003,2004,2005,2006,2007,2008,2009,2010,2011,2012,2013,2014,2015,2016,2017,2018,2019,2020,,EDAD,1990,1991,1992,1993,1994,1995,1996,1997,1998,1999,2000,2001,2002,2003,2004,2005,2006,2007,2008,2009,2010,2011,2012,2013,2014,2015,2016,2017,2018,2019,2020
,,,,,,,,,,,,,,,,,,,,,,,,,,,,,,,,,,,,,,,,,,,,,,,,,,,,,,,,,,,,,,,,
HOMBRES,83895,84689,85444,86218,86976,87731,88978,90218,91458,92714,93949,93471,92987,92522,92042,91553,90679,89805,88918,88023,87141,85929,84707,83480,82269,81061,79620,78192,76741,75328,73889,,MUJERES,83687,84519,85357,86183,87015,87870,89298,90743,92177,93637,95056,95048,95050,95029,95030,95037,94753,94479,94202,93909,93613,93076,92525,91972,91416,90857,90094,89319,88522,87734,86983
,,,,,,,,,,,,,,,,,,,,,,,,,,,,,,,,,,,,,,,,,,,,,,,,,,,,,,,,,,,,,,,,
0,1906,1851,1793,1738,1680,1624,1637,1649,1661,1676,1687,1645,1605,1563,1523,1479,1458,1437,1419,1396,1377,1353,1329,1306,1281,1256,1193,1128,1063,999,933,,0,1822,1774,1723,1675,1624,1576,1591,1608,1621,1638,1652,1600,1548,1499,1449,1398,1384,1369,1355,1342,1326,1303,1278,1253,1228,1203,1140,1078,1018,955,893
1,1889,1841,1791,1742,1693,1642,1655,1669,1680,1691,1703,1659,1614,1568,1525,1478,1458,1436,1417,1394,1373,1348,1324,1299,1276,1251,1216,1181,1144,1110,1074,,1,1793,1749,1708,1665,1624,1580,1596,1610,1625,1642,1658,1610,1562,1516,1469,1420,1404,1384,1364,1345,1327,1302,1281,1255,1232,1207,1173,1140,1104,1069,1034
2,1781,1740,1701,1661,1621,1580,1609,1638,1666,1696,1724,1676,1629,1583,1536,1487,1463,1441,1418,1394,1370,1346,1320,1297,1272,1250,1232,1214,1196,1179,1161,,2,1758,1722,1688,1653,1618,1584,1601,1622,1640,1657,1676,1628,1585,1538,1492,1448,1422,1399,1377,1352,1328,1306,1283,1259,1235,1214,1196,1178,1161,1145,1126
3,1753,1722,1687,1653,1620,1588,1618,1651,1683,1715,1747,1699,1648,1599,1549,1501,1474,1447,1419,1395,1367,1344,1318,1296,1270,1249,1241,1230,1223,1217,1207,,3,1715,1688,1659,1632,1603,1576,1600,1626,1649,1674,1700,1657,1610,1563,1518,1475,1446,1418,1388,1360,1330,1309,1287,1264,1242,1220,1211,1204,1194,1185,1178
4,1804,1779,1756,1732,1709,1683,1701,1719,1735,1753,1771,1721,1670,1622,1572,1522,1491,1459,1428,1398,1367,1342,1319,1297,1273,1249,1244,1237,1231,1226,1223,,4,1674,1652,1630,1607,1585,1563,1597,1629,1663,1694,1727,1682,1637,1593,1549,1504,1472,1437,1404,1371,1334,1314,1292,1269,1247,1224,1220,1216,1208,1201,1197
0- 4,9133,8933,8728,8526,8323,8117,8220,8326,8425,8531,8632,8400,8166,7935,7705,7467,7344,7220,7101,6977,6854,6733,6610,6495,6372,6255,6126,5990,5857,5731,5598,,0- 4,8762,8585,8408,8232,8054,7879,7985,8095,8198,8305,8413,8177,7942,7709,7477,7245,7128,7007,6888,6770,6645,6534,6421,6300,6184,6068,5940,5816,5685,5555,5428
5,1841,1883,1924,1962,2003,2043,2004,1962,1922,1880,1839,1784,1726,1668,1611,1552,1515,1475,1434,1396,1357,1336,1317,1300,1281,1264,1236,1212,1188,1161,1138,,5,1817,1850,1881,1913,1945,1978,1941,1902,1863,1824,1785,1735,1684,1629,1576,1526,1485,1443,1404,1360,1320,1304,1286,1268,1250,1234,1210,1186,1161,1136,1112
6,1866,1900,1933,1966,2000,2033,1996,1958,1921,1884,1847,1792,1739,1687,1635,1581,1539,1494,1452,1409,1367,1346,1323,1306,1283,1264,1238,1213,1192,1167,1143,,6,1735,1777,1821,1862,1902,1946,1917,1888,1856,1829,1798,1749,1702,1654,1604,1556,1513,1470,1426,1381,1335,1317,1298,1278,1259,1240,1216,1193,1167,1143,1122
7,1785,1819,1855,1891,1926,1961,1937,1913,1888,1866,1842,1795,1750,1701,1654,1607,1566,1519,1473,1427,1383,1358,1332,1312,1286,1263,1241,1216,1194,1171,1147,,7,1726,1760,1794,1828,1863,1896,1878,1860,1840,1824,1803,1762,1718,1674,1632,1589,1541,1498,1451,1405,1358,1337,1313,1291,1266,1243,1223,1198,1174,1151,1129
8,1719,1744,1772,1800,1828,1852,1849,1846,1841,1836,1832,1794,1754,1717,1678,1638,1591,1544,1498,1448,1402,1375,1348,1319,1294,1267,1243,1219,1198,1176,1153,,8,1654,1689,1725,1760,1795,1832,1825,1821,1814,1809,1802,1765,1730,1694,1657,1622,1572,1527,1480,1432,1386,1360,1332,1304,1274,1250,1228,1203,1182,1158,1137
9,1599,1637,1679,1718,1758,1798,1801,1806,1812,1815,1820,1788,1760,1729,1697,1667,1618,1571,1522,1477,1428,1396,1362,1332,1302,1269,1246,1223,1202,1181,1158,,9,1596,1633,1668,1704,1739,1774,1778,1784,1786,1791,1795,1767,1737,1710,1679,1652,1605,1557,1510,1462,1414,1384,1351,1316,1288,1256,1234,1212,1189,1166,1145
5-9,8810,8983,9163,9337,9515,9687,9587,9485,9384,9281,9180,8953,8729,8502,8275,8045,7829,7603,7379,7157,6937,6811,6682,6569,6446,6327,6204,6083,5974,5856,5739,,5-9,8528,8709,8889,9067,9244,9426,9339,9255,9159,9077,8983,8778,8571,8361,8148,7945,7716,7495,7271,7040,6813,6702,6580,6457,6337,6223,6111,5992,5873,5754,5645
10,1595,1628,1662,1695,1730,1762,1770,1777,1783,1790,1798,1778,1756,1736,1715,1693,1647,1599,1550,1501,1454,1417,1380,1344,1307,1272,1249,1228,1206,1185,1163,,10,1587,1612,1637,1660,1681,1705,1721,1737,1752,1766,1784,1762,1742,1721,1698,1681,1635,1587,1542,1492,1448,1410,1372,1333,1300,1262,1240,1219,1197,1175,1153
11,1504,1535,1564,1592,1623,1652,1674,1696,1715,1737,1759,1750,1745,1738,1728,1723,1675,1626,1574,1528,1477,1436,1395,1354,1310,1270,1250,1230,1207,1186,1166,,11,1516,1543,1574,1603,1631,1662,1682,1701,1723,1743,1762,1753,1742,1732,1717,1707,1663,1617,1570,1524,1480,1437,1394,1351,1309,1266,1245,1223,1202,1182,1162
12,1474,1510,1542,1578,1611,1644,1665,1688,1710,1731,1751,1751,1749,1748,1746,1746,1696,1651,1605,1556,1510,1464,1419,1376,1328,1285,1262,1238,1219,1196,1173,,12,1591,1622,1654,1686,1718,1747,1746,1748,1747,1746,1744,1742,1736,1730,1728,1725,1682,1638,1597,1554,1511,1462,1415,1370,1323,1277,1254,1233,1209,1189,1169
13,1542,1569,1595,1621,1650,1676,1701,1725,1749,1775,1800,1792,1784,1775,1767,1759,1719,1675,1636,1593,1555,1506,1458,1414,1366,1319,1293,1267,1242,1217,1191,,13,1497,1521,1545,1570,1596,1619,1641,1662,1688,1712,1733,1731,1730,1726,1723,1721,1684,1648,1610,1572,1535,1490,1441,1394,1347,1299,1273,1246,1222,1197,1172
14,1587,1602,1620,1638,1653,1669,1710,1751,1792,1834,1875,1854,1832,1812,1792,1769,1733,1701,1666,1634,1601,1553,1508,1459,1411,1366,1335,1306,1274,1243,1211,,14,1480,1488,1498,1504,1512,1520,1560,1601,1642,1682,1723,1719,1717,1713,1709,1708,1677,1648,1618,1587,1558,1511,1465,1422,1375,1327,1296,1268,1236,1204,1170
10-14,7702,7844,7983,8124,8267,8403,8520,8637,8749,8867,8983,8925,8866,8809,8748,8690,8470,8252,8031,7812,7597,7376,7160,6947,6722,6512,6389,6269,6148,6027,5904,,10-14,7671,7786,7908,8023,8138,8253,8350,8449,8552,8649,8746,8707,8667,8622,8575,8542,8341,8138,7937,7729,7532,7310,7087,6870,6654,6431,6308,6189,6066,5947,5826
15,1636,1575,1513,1454,1391,1332,1455,1574,1697,1819,1943,1907,1874,1840,1805,1772,1746,1721,1696,1669,1644,1598,1552,1504,1457,1410,1373,1338,1302,1267,1232,,15,1615,1571,1526,1480,1434,1392,1455,1518,1585,1647,1712,1707,1704,1697,1695,1691,1667,1644,1623,1602,1578,1532,1490,1444,1400,1355,1319,1282,1247,1210,1172
16,1579,1472,1364,1257,1151,1044,1238,1433,1630,1824,2020,1967,1917,1868,1818,1766,1752,1738,1722,1707,1690,1644,1596,1548,1500,1453,1412,1371,1330,1288,1248,,16,1531,1437,1345,1253,1161,1068,1196,1322,1450,1575,1701,1695,1690,1683,1677,1668,1654,1640,1626,1613,1596,1554,1510,1469,1424,1381,1342,1299,1256,1213,1172
17,1721,1599,1479,1360,1241,1120,1303,1485,1667,1849,2031,1979,1925,1872,1820,1766,1757,1745,1736,1725,1712,1665,1621,1573,1528,1483,1438,1394,1347,1305,1260,,17,1653,1556,1457,1359,1261,1164,1267,1370,1472,1576,1679,1673,1666,1659,1653,1647,1639,1629,1622,1613,1603,1564,1524,1484,1443,1402,1358,1313,1266,1220,1177
18,1907,1817,1723,1630,1538,1448,1546,1646,1746,1848,1945,1912,1877,1845,1812,1780,1762,1745,1728,1712,1696,1656,1614,1573,1532,1491,1444,1399,1353,1308,1263,,18,1680,1598,1513,1427,1344,1259,1333,1409,1485,1560,1637,1635,1632,1630,1629,1626,1621,1615,1606,1600,1594,1559,1522,1486,1451,1414,1367,1324,1276,1233,1188
19,2587,2570,2554,2537,2520,2505,2363,2223,2080,1940,1798,1798,1795,1796,1793,1791,1766,1737,1709,1683,1658,1622,1589,1552,1515,1482,1437,1393,1347,1304,1261,,19,1727,1658,1590,1522,1453,1385,1425,1462,1502,1543,1580,1587,1593,1596,1602,1607,1600,1591,1584,1577,1567,1539,1508,1479,1449,1417,1375,1332,1288,1245,1202
15-19,9430,9033,8633,8238,7841,7449,7905,8361,8820,9280,9737,9563,9388,9221,9048,8875,8783,8686,8591,8496,8400,8185,7972,7750,7532,7319,7104,6895,6679,6472,6264,,15-19,8206,7820,7431,7041,6653,6268,6676,7081,7494,7901,8309,8297,8285,8265,8256,8239,8181,8119,8061,8005,7938,7748,7554,7362,7167,6969,6761,6550,6333,6121,5911
20,2043,2001,1958,1914,1872,1829,1795,1763,1731,1698,1663,1690,1717,1747,1773,1802,1764,1727,1688,1652,1613,1585,1558,1528,1502,1474,1431,1385,1342,1297,1255,,20,1738,1698,1658,1618,1581,1541,1536,1536,1535,1534,1531,1541,1552,1564,1574,1586,1578,1569,1559,1549,1544,1516,1495,1470,1445,1422,1380,1337,1297,1255,1213
21,1707,1676,1645,1614,1584,1553,1544,1539,1531,1524,1517,1576,1636,1697,1758,1816,1766,1715,1664,1612,1560,1544,1523,1505,1484,1465,1422,1379,1334,1290,1247,,21,1755,1724,1695,1667,1636,1607,1580,1554,1529,1504,1478,1495,1512,1529,1550,1567,1555,1546,1534,1523,1512,1495,1476,1459,1441,1424,1384,1344,1305,1265,1227
22,1603,1577,1553,1530,1506,1480,1469,1455,1444,1434,1420,1493,1566,1637,1712,1787,1732,1679,1628,1575,1520,1506,1490,1475,1460,1443,1401,1359,1317,1276,1234,,22,1575,1553,1529,1508,1484,1462,1460,1454,1450,1448,1445,1464,1481,1500,1518,1536,1525,1515,1502,1492,1485,1470,1457,1444,1432,1418,1381,1345,1308,1270,1235
23,1507,1479,1450,1423,1395,1366,1375,1384,1390,1399,1407,1462,1516,1572,1627,1682,1647,1612,1576,1541,1506,1482,1464,1444,1423,1402,1364,1327,1290,1253,1218,,23,1467,1440,1415,1392,1365,1342,1363,1384,1406,1427,1449,1457,1463,1472,1481,1489,1482,1476,1470,1463,1456,1447,1435,1422,1412,1398,1365,1334,1300,1267,1235
24,1472,1438,1404,1368,1332,1298,1326,1357,1385,1417,1446,1465,1484,1502,1521,1538,1529,1522,1516,1506,1499,1469,1439,1410,1380,1349,1319,1287,1256,1225,1194,,24,1512,1479,1447,1416,1383,1352,1375,1401,1426,1453,1476,1467,1457,1449,1439,1432,1432,1433,1433,1433,1433,1422,1408,1397,1383,1373,1342,1314,1284,1254,1227
20-24,8332,8171,8010,7849,7689,7526,7509,7498,7481,7472,7453,7686,7919,8155,8391,8625,8438,8255,8072,7886,7698,7586,7474,7362,7249,7133,6937,6737,6539,6341,6148,,20-24,8047,7894,7744,7601,7449,7304,7314,7329,7346,7366,7379,7424,7465,7514,7562,7610,7572,7539,7498,7460,7430,7350,7271,7192,7113,7035,6852,6674,6494,6311,6137
25,1524,1560,1596,1630,1667,1704,1659,1612,1566,1519,1476,1460,1446,1430,1416,1401,1418,1436,1452,1470,1488,1450,1410,1373,1333,1295,1270,1245,1219,1194,1169,,25,1518,1544,1570,1597,1624,1652,1621,1592,1561,1531,1501,1474,1452,1426,1400,1379,1383,1390,1396,1402,1409,1397,1383,1368,1357,1342,1318,1292,1270,1245,1219
26,1498,1521,1543,1563,1584,1606,1584,1565,1545,1524,1505,1455,1405,1355,1304,1255,1301,1346,1391,1437,1482,1433,1382,1333,1282,1231,1215,1197,1181,1161,1146,,26,1611,1620,1626,1636,1645,1654,1629,1604,1580,1555,1529,1487,1446,1405,1363,1320,1336,1347,1361,1373,1388,1372,1357,1342,1326,1311,1293,1274,1251,1234,1212
27,1498,1524,1545,1568,1590,1613,1596,1577,1561,1543,1525,1451,1378,1306,1233,1159,1216,1271,1330,1384,1442,1391,1339,1287,1236,1184,1169,1156,1142,1127,1113,,27,1529,1546,1564,1579,1598,1616,1603,1588,1573,1559,1548,1495,1443,1392,1340,1287,1301,1317,1329,1343,1356,1343,1327,1313,1299,1285,1268,1252,1235,1218,1202
28,1483,1510,1534,1561,1586,1611,1593,1576,1557,1540,1522,1447,1370,1297,1220,1147,1185,1230,1269,1310,1350,1313,1275,1240,1201,1166,1145,1126,1108,1089,1071,,28,1564,1569,1575,1577,1582,1588,1579,1570,1562,1552,1543,1491,1442,1392,1341,1292,1296,1302,1305,1311,1316,1305,1296,1285,1275,1268,1251,1237,1220,1206,1192
29,1440,1471,1507,1541,1578,1611,1589,1568,1545,1524,1504,1440,1375,1312,1249,1185,1193,1202,1211,1219,1228,1215,1202,1186,1174,1159,1132,1105,1078,1049,1021,,29,1643,1651,1658,1665,1673,1679,1649,1619,1589,1559,1528,1486,1445,1402,1361,1316,1310,1298,1289,1277,1269,1265,1261,1257,1255,1254,1238,1222,1206,1191,1177
25-29,7443,7586,7725,7863,8005,8145,8021,7898,7774,7650,7532,7253,6974,6700,6422,6147,6313,6485,6653,6820,6990,6802,6608,6419,6226,6035,5931,5829,5728,5620,5520,,25-29,7865,7930,7993,8054,8122,8189,8081,7973,7865,7756,7649,7433,7228,7017,6805,6594,6626,6654,6680,6706,6738,6682,6624,6565,6512,6460,6368,6277,6182,6094,6002
30,1383,1449,1513,1578,1642,1704,1663,1620,1578,1534,1492,1437,1381,1327,1271,1216,1195,1175,1153,1136,1113,1121,1130,1136,1144,1153,1118,1081,1044,1009,972,,30,1467,1501,1533,1569,1602,1637,1612,1589,1563,1540,1516,1481,1446,1412,1379,1343,1319,1295,1271,1248,1224,1227,1231,1232,1237,1239,1225,1208,1193,1179,1161
31,1307,1377,1447,1516,1586,1657,1622,1585,1551,1518,1482,1434,1389,1342,1300,1252,1199,1148,1097,1045,993,1026,1058,1087,1122,1153,1107,1061,1012,967,919,,31,1447,1494,1539,1586,1631,1680,1643,1607,1573,1537,1499,1477,1449,1423,1398,1372,1332,1294,1257,1218,1179,1189,1198,1210,1219,1229,1210,1194,1177,1160,1145
32,1298,1373,1446,1518,1590,1664,1625,1585,1548,1509,1470,1433,1395,1354,1317,1279,1206,1135,1062,993,919,959,1001,1044,1084,1127,1078,1028,979,931,883,,32,1406,1465,1525,1587,1648,1707,1666,1625,1579,1537,1495,1474,1456,1435,1414,1393,1346,1299,1251,1203,1157,1167,1179,1191,1200,1213,1196,1178,1163,1147,1132
33,1238,1308,1375,1444,1511,1581,1556,1532,1506,1484,1458,1425,1389,1354,1321,1286,1212,1138,1065,989,915,944,973,998,1028,1057,1019,982,944,907,871,,33,1347,1415,1483,1547,1613,1682,1648,1612,1575,1542,1505,1484,1465,1442,1423,1404,1356,1308,1263,1216,1168,1171,1175,1176,1181,1184,1173,1163,1153,1140,1129
34,1287,1340,1394,1446,1498,1550,1531,1509,1488,1465,1446,1413,1380,1347,1314,1282,1218,1154,1089,1024,961,960,961,961,960,961,944,927,908,893,875,,34,1303,1358,1411,1465,1515,1569,1563,1553,1545,1536,1527,1501,1477,1451,1426,1402,1364,1323,1284,1244,1205,1194,1185,1172,1163,1152,1147,1142,1139,1134,1131
30-34,6513,6847,7175,7502,7827,8156,7997,7831,7671,7510,7348,7142,6934,6724,6523,6315,6030,5750,5466,5187,4901,5010,5123,5226,5338,5451,5266,5079,4887,4707,4520,,30-34,6970,7233,7491,7754,8009,8275,8132,7986,7835,7692,7542,7417,7293,7163,7040,6914,6717,6519,6326,6129,5933,5948,5968,5981,6000,6017,5951,5885,5825,5760,5698
35,1290,1314,1337,1358,1384,1406,1410,1415,1420,1426,1429,1401,1373,1344,1313,1283,1227,1170,1113,1057,999,976,951,924,899,876,875,878,878,879,878,,35,1222,1271,1318,1366,1416,1464,1480,1495,1510,1526,1540,1512,1488,1459,1432,1405,1370,1337,1306,1273,1238,1215,1194,1169,1145,1123,1125,1127,1127,1129,1130
36,1304,1326,1346,1367,1389,1410,1412,1413,1414,1415,1414,1390,1364,1339,1313,1287,1238,1190,1141,1092,1043,991,940,890,839,787,808,829,848,868,889,,36,1213,1252,1293,1331,1372,1412,1440,1470,1499,1527,1557,1526,1494,1465,1435,1402,1378,1355,1329,1302,1277,1242,1202,1167,1128,1091,1103,1108,1118,1125,1135
37,1272,1292,1308,1324,1343,1360,1368,1372,1381,1388,1392,1373,1353,1331,1310,1289,1249,1205,1163,1121,1079,1009,940,871,802,732,760,790,818,846,876,,37,1115,1163,1212,1261,1311,1361,1398,1436,1475,1514,1552,1524,1494,1466,1438,1408,1388,1368,1347,1326,1304,1261,1215,1169,1124,1078,1089,1100,1111,1118,1129
38,1236,1251,1268,1286,1303,1316,1327,1336,1343,1353,1362,1346,1332,1316,1302,1285,1248,1208,1171,1133,1093,1023,952,877,810,738,755,774,789,806,823,,38,1158,1200,1246,1291,1335,1379,1408,1437,1465,1493,1521,1500,1480,1461,1441,1422,1401,1381,1357,1338,1315,1272,1228,1182,1139,1094,1097,1101,1101,1103,1106
39,1144,1166,1186,1207,1227,1248,1262,1277,1294,1308,1325,1313,1305,1298,1287,1279,1243,1206,1170,1131,1094,1033,970,906,843,778,774,767,761,754,750,,39,1099,1140,1180,1219,1259,1300,1334,1369,1402,1436,1469,1462,1457,1451,1444,1437,1412,1389,1365,1339,1312,1277,1238,1201,1164,1124,1114,1105,1095,1083,1074
35-39,6246,6349,6445,6542,6646,6740,6779,6813,6852,6890,6922,6823,6727,6628,6525,6423,6205,5979,5758,5534,5308,5032,4753,4468,4193,3911,3972,4038,4094,4153,4216,,35-39,5807,6026,6249,6468,6693,6916,7060,7207,7351,7496,7639,7524,7413,7302,7190,7074,6949,6830,6704,6578,6446,6267,6077,5888,5700,5510,5528,5541,5552,5558,5574
40,1088,1102,1114,1127,1141,1151,1178,1207,1231,1258,1285,1283,1278,1277,1273,1270,1238,1204,1171,1137,1104,1048,989,932,877,817,792,763,736,709,681,,40,1117,1143,1167,1192,1216,1240,1277,1313,1349,1385,1419,1423,1430,1438,1443,1449,1422,1398,1370,1342,1317,1283,1250,1220,1189,1155,1133,1114,1089,1066,1043
41,1113,1117,1123,1129,1133,1139,1160,1182,1200,1222,1242,1247,1250,1253,1259,1263,1232,1203,1174,1143,1112,1064,1013,962,910,862,811,762,713,662,611,,41,1099,1119,1134,1149,1166,1183,1220,1256,1294,1329,1366,1385,1405,1423,1443,1463,1432,1402,1372,1344,1313,1289,1263,1239,1215,1189,1154,1117,1082,1046,1012
42,1001,1010,1016,1025,1033,1039,1075,1107,1143,1177,1211,1217,1226,1233,1241,1248,1222,1196,1171,1145,1121,1075,1031,986,940,897,832,769,701,636,572,,42,1051,1060,1072,1082,1092,1104,1145,1187,1230,1274,1313,1343,1369,1399,1428,1455,1428,1401,1374,1344,1316,1297,1275,1256,1235,1215,1169,1127,1085,1041,996
43,996,1006,1013,1023,1031,1039,1069,1103,1133,1165,1198,1205,1207,1213,1219,1226,1204,1183,1165,1143,1123,1082,1040,996,957,914,849,779,714,649,580,,43,989,1006,1021,1036,1049,1067,1107,1147,1187,1228,1267,1299,1332,1361,1392,1422,1403,1386,1367,1346,1327,1306,1285,1264,1242,1221,1178,1135,1095,1052,1009
44,909,925,942,963,982,997,1037,1076,1116,1156,1194,1194,1195,1195,1195,1197,1182,1166,1152,1138,1122,1081,1042,1002,962,920,861,799,741,681,621,,44,908,926,943,961,980,997,1044,1088,1133,1179,1225,1255,1285,1314,1344,1374,1368,1362,1355,1346,1339,1317,1291,1268,1244,1219,1184,1148,1111,1077,1040
40-44,5107,5160,5208,5267,5320,5365,5519,5675,5823,5978,6130,6146,6156,6171,6187,6204,6078,5952,5833,5706,5582,5350,5115,4878,4646,4410,4145,3872,3605,3337,3065,,40-44,5164,5254,5337,5420,5503,5591,5793,5991,6193,6395,6590,6705,6821,6935,7050,7163,7053,6949,6838,6722,6612,6492,6364,6247,6125,5999,5818,5641,5462,5282,5100
45,910,929,946,965,982,1000,1037,1076,1113,1150,1187,1183,1178,1173,1169,1164,1157,1146,1138,1128,1120,1081,1046,1008,970,934,877,823,766,711,656,,45,931,941,953,964,976,986,1022,1063,1101,1141,1178,1208,1238,1267,1296,1323,1329,1335,1339,1344,1349,1322,1297,1272,1245,1219,1189,1159,1127,1096,1067
46,955,973,993,1008,1027,1046,1073,1102,1129,1156,1185,1173,1163,1153,1140,1130,1127,1124,1121,1119,1116,1081,1049,1015,981,947,899,845,796,744,696,,46,891,903,916,927,937,948,984,1021,1058,1095,1132,1160,1186,1214,1242,1273,1289,1305,1323,1341,1358,1328,1301,1273,1245,1215,1192,1168,1144,1121,1098
47,840,863,884,907,927,950,995,1035,1078,1121,1165,1154,1139,1128,1115,1103,1104,1106,1106,1105,1108,1076,1046,1016,987,957,910,867,820,775,728,,47,893,912,930,949,967,987,1006,1028,1048,1068,1089,1114,1143,1169,1193,1223,1249,1274,1299,1324,1351,1323,1296,1269,1244,1217,1198,1178,1158,1136,1119
48,770,791,814,838,860,882,931,977,1027,1070,1119,1115,1109,1103,1097,1092,1091,1092,1092,1090,1089,1063,1038,1013,988,965,922,879,835,794,749,,48,862,876,889,899,913,925,951,979,1005,1029,1055,1080,1106,1130,1152,1178,1209,1235,1264,1292,1320,1302,1284,1265,1245,1226,1206,1187,1167,1146,1128
49,785,814,841,869,897,926,951,977,1003,1030,1054,1063,1069,1076,1084,1089,1087,1081,1077,1071,1068,1046,1027,1007,989,968,927,885,846,802,760,,49,821,842,862,878,899,920,940,963,985,1005,1030,1051,1074,1096,1119,1140,1168,1194,1221,1250,1276,1269,1262,1255,1248,1241,1218,1194,1170,1147,1126
45-49,4260,4370,4478,4587,4693,4804,4987,5167,5350,5527,5710,5688,5658,5633,5605,5578,5566,5549,5534,5513,5501,5347,5206,5059,4915,4771,4535,4299,4063,3826,3589,,45-49,4398,4474,4550,4617,4692,4766,4903,5054,5197,5338,5484,5613,5747,5876,6002,6137,6244,6343,6446,6551,6654,6544,6440,6334,6227,6118,6003,5886,5766,5646,5538
50,674,709,743,776,811,846,875,906,934,965,995,1013,1030,1050,1067,1084,1077,1069,1057,1051,1040,1027,1012,1000,986,971,931,894,854,816,776,,50,684,721,758,797,833,872,898,923,950,976,1004,1023,1042,1059,1079,1099,1126,1152,1177,1206,1233,1235,1239,1245,1246,1249,1227,1201,1177,1150,1126
51,631,667,700,736,772,806,832,857,882,906,931,962,991,1021,1052,1083,1068,1053,1039,1025,1013,1002,995,988,980,974,938,902,864,831,792,,51,692,728,763,800,837,875,894,914,934,957,976,991,1009,1024,1040,1056,1082,1108,1135,1160,1186,1200,1215,1230,1244,1259,1234,1205,1179,1152,1125
52,661,692,722,753,784,817,829,841,854,867,880,916,953,989,1027,1063,1049,1032,1020,1005,991,985,981,976,974,969,938,907,873,840,810,,52,634,672,711,750,790,825,851,875,900,924,948,962,975,992,1005,1019,1043,1066,1092,1117,1141,1163,1188,1209,1232,1255,1228,1202,1177,1152,1127
53,605,636,665,696,724,757,775,796,814,834,852,886,920,953,985,1020,1012,1006,997,989,982,979,974,969,965,959,933,905,878,851,823,,53,634,666,699,730,763,795,821,846,871,898,923,936,949,962,973,986,1010,1031,1054,1076,1099,1125,1149,1175,1201,1226,1209,1189,1170,1152,1136
54,593,613,630,651,668,686,716,748,779,808,840,865,887,911,937,958,965,971,974,981,985,976,970,961,953,943,925,904,881,861,839,,54,578,606,635,664,692,720,757,793,827,861,897,910,923,934,949,962,980,1001,1018,1040,1060,1085,1109,1134,1158,1184,1175,1168,1161,1152,1146
50-54,3164,3317,3460,3612,3759,3912,4027,4148,4263,4380,4498,4642,4781,4924,5068,5208,5171,5131,5087,5051,5011,4969,4932,4894,4858,4816,4665,4512,4350,4199,4040,,50-54,3222,3393,3566,3741,3915,4087,4221,4351,4482,4616,4748,4822,4898,4971,5046,5122,5241,5358,5476,5599,5719,5808,5900,5993,6081,6173,6073,5965,5864,5758,5660
55,577,597,615,634,656,674,704,732,762,794,823,840,854,871,885,901,918,937,951,968,984,973,961,949,938,928,913,897,881,869,850,,55,543,564,586,605,627,648,693,738,783,828,873,884,897,908,922,932,949,969,985,1002,1021,1044,1067,1093,1116,1139,1144,1144,1148,1151,1155
56,536,552,566,579,595,608,648,688,729,770,809,816,823,828,835,841,870,898,926,957,984,967,953,938,922,906,898,890,880,871,862,,56,541,553,567,580,594,607,656,704,752,803,850,862,872,882,894,904,920,934,948,964,977,1002,1025,1048,1072,1095,1107,1121,1135,1148,1161
57,520,530,543,553,563,576,615,658,701,743,784,786,787,788,792,793,829,864,899,934,969,955,939,924,908,894,888,885,878,874,868,,57,572,578,587,593,599,607,650,693,735,778,818,831,843,856,866,879,893,906,917,931,943,965,988,1008,1031,1053,1074,1093,1116,1136,1156
58,462,474,484,493,502,513,559,604,649,695,741,746,752,760,764,772,802,836,868,899,931,925,915,908,903,894,889,885,879,872,866,,58,530,537,545,553,562,569,610,650,691,730,772,791,807,824,843,860,871,882,895,905,918,937,960,980,999,1020,1043,1068,1091,1115,1137
59,489,499,507,515,521,531,562,590,622,653,684,700,718,732,748,765,786,810,833,856,876,883,887,891,898,901,894,887,877,870,861,,59,543,551,560,572,583,590,615,642,668,695,719,744,767,792,817,843,853,864,876,888,898,918,936,955,973,993,1015,1039,1060,1084,1107
55-59,2584,2652,2715,2774,2837,2902,3088,3272,3463,3655,3841,3888,3934,3979,4024,4072,4205,4345,4477,4614,4744,4703,4655,4610,4569,4523,4482,4444,4395,4356,4307,,55-59,2729,2783,2845,2903,2965,3021,3224,3427,3629,3834,4032,4112,4186,4262,4342,4418,4486,4555,4621,4690,4757,4866,4976,5084,5191,5300,5383,5465,5550,5634,5716
60,425,441,458,477,493,510,533,558,582,606,630,655,680,705,730,755,769,783,797,812,827,843,859,875,891,908,896,885,873,863,851,,60,478,496,513,532,551,567,587,607,628,646,667,698,730,762,793,827,836,845,859,870,881,896,913,930,947,964,986,1008,1030,1053,1077
61,428,442,457,469,484,498,513,530,545,563,577,612,646,679,713,747,753,758,760,767,770,799,828,857,884,912,897,882,869,855,837,,61,470,484,500,514,531,545,559,572,586,601,613,653,691,733,772,811,820,832,840,850,860,874,888,906,919,931,953,976,997,1021,1040
62,401,413,426,437,450,462,477,491,506,521,534,573,612,648,687,726,726,728,727,727,728,763,798,831,867,901,884,873,858,845,830,,62,466,479,492,504,517,530,538,546,556,565,572,615,655,698,742,785,797,809,817,829,840,851,865,878,892,903,926,945,966,987,1007
63,356,370,384,399,410,424,442,457,473,491,509,543,577,613,648,683,689,692,697,701,707,737,770,799,830,862,854,849,842,836,829,,63,419,434,450,466,482,497,507,517,527,538,548,586,625,662,702,739,755,771,790,805,820,832,844,856,865,878,897,916,938,958,976
64,379,393,409,424,438,452,460,468,475,485,491,518,545,572,599,626,639,655,669,684,696,720,742,764,785,806,813,818,822,827,832,,64,380,396,410,428,444,460,475,489,505,521,534,565,595,624,653,683,708,730,754,776,798,810,823,833,843,855,874,891,908,927,944
60-64,1989,2059,2134,2206,2275,2346,2425,2504,2581,2666,2741,2901,3060,3217,3377,3537,3576,3616,3650,3691,3728,3862,3997,4126,4257,4389,4344,4307,4264,4226,4179,,60-64,2213,2289,2365,2444,2525,2599,2666,2731,2802,2871,2934,3117,3296,3479,3662,3845,3916,3987,4060,4130,4199,4263,4333,4403,4466,4531,4636,4736,4839,4946,5044
65,341,358,375,392,408,426,436,445,455,467,475,493,516,533,554,574,596,620,641,662,686,701,712,727,739,753,769,785,800,815,832,,65,381,401,418,436,455,474,482,492,502,512,520,544,564,588,610,629,658,690,720,747,779,787,799,810,820,829,847,863,878,894,910
66,289,309,331,352,371,391,407,417,432,445,459,471,482,497,510,521,551,582,614,644,675,679,683,686,691,696,724,749,777,804,832,,66,326,346,367,390,410,431,445,462,477,491,507,520,535,546,562,575,612,647,687,723,760,770,777,786,796,805,820,835,848,861,874
67,270,289,309,327,345,363,378,395,410,424,440,446,455,461,470,477,510,546,581,617,653,653,651,651,650,649,681,714,748,781,813,,67,290,312,335,355,376,398,415,435,453,475,492,498,507,514,521,531,570,611,651,692,728,740,751,762,772,781,792,807,818,829,843
68,251,268,286,302,320,339,353,369,383,396,412,422,428,435,439,447,480,510,544,576,606,610,613,615,619,623,652,681,710,742,772,,68,290,310,332,351,371,392,407,421,438,454,470,478,485,490,499,506,540,577,614,650,685,700,715,730,745,758,771,783,792,804,814
69,242,255,270,285,299,312,327,340,356,368,382,391,401,412,418,427,453,477,501,524,550,562,574,584,595,610,628,651,669,689,711,,69,278,295,315,333,351,372,387,402,415,431,446,455,463,472,482,492,519,548,576,605,631,652,673,695,715,736,748,758,768,778,790
65-69,1393,1479,1571,1658,1743,1831,1901,1966,2036,2100,2168,2223,2282,2338,2391,2446,2590,2735,2881,3023,3170,3205,3233,3263,3294,3331,3454,3580,3704,3831,3960,,65-69,1565,1664,1767,1865,1963,2067,2136,2212,2285,2363,2435,2495,2554,2610,2674,2733,2899,3073,3248,3417,3583,3649,3715,3783,3848,3909,3978,4046,4104,4166,4231
70,206,220,232,247,260,273,289,306,321,337,353,365,376,386,397,408,425,444,461,478,497,516,532,551,569,587,600,615,628,642,655,,70,224,235,249,262,276,287,314,342,367,395,421,433,445,454,464,475,494,517,539,562,582,605,632,658,686,712,722,732,744,753,764
71,187,198,207,220,229,241,258,275,293,308,326,338,350,363,372,385,396,410,424,436,451,473,495,518,541,563,572,578,588,596,604,,71,205,218,235,249,265,279,302,326,349,374,397,409,421,435,446,457,472,488,502,518,534,564,593,624,652,684,695,705,715,726,738
72,185,195,204,213,223,232,246,258,273,285,299,312,325,338,351,363,371,380,389,395,404,432,459,484,512,536,541,544,546,551,554,,72,216,227,238,250,262,273,292,313,332,352,375,386,399,414,427,441,450,459,469,479,489,522,556,586,618,653,664,676,687,698,711
73,145,155,167,179,189,202,216,231,243,261,273,285,301,314,328,342,345,350,354,358,363,392,420,449,480,508,507,507,508,509,508,,73,217,229,238,249,258,270,287,299,316,332,346,364,377,392,409,421,429,432,438,444,449,484,516,550,584,618,631,643,656,670,682
74,150,159,170,178,187,196,207,215,227,237,248,261,277,289,305,320,321,323,326,326,328,359,387,415,446,476,473,471,470,469,469,,74,207,216,225,234,242,250,264,277,293,305,321,337,352,370,387,403,405,408,411,412,415,450,483,515,547,580,594,610,622,640,653
70-74,873,927,980,1037,1088,1144,1216,1285,1357,1428,1499,1561,1629,1690,1753,1818,1858,1907,1954,1993,2043,2172,2293,2417,2548,2670,2693,2715,2740,2767,2790,,70-74,1069,1125,1185,1244,1303,1359,1459,1557,1657,1758,1860,1929,1994,2065,2133,2197,2250,2304,2359,2415,2469,2625,2780,2933,3087,3247,3306,3366,3424,3487,3548
75,145,152,158,166,174,182,189,197,205,213,223,237,251,268,281,295,298,299,300,300,299,329,356,381,408,436,436,437,437,438,438,,75,164,171,177,183,191,199,217,235,253,274,293,308,329,345,364,380,382,383,386,388,388,419,448,478,506,535,554,573,591,607,625
76,120,130,140,150,156,165,173,180,185,192,200,213,227,244,257,270,274,276,278,281,282,304,326,348,370,391,395,402,409,415,421,,76,160,168,175,182,188,196,208,224,237,249,262,281,299,318,336,355,357,360,364,368,372,396,419,441,464,487,509,531,552,575,595
77,80,88,96,103,109,118,129,140,154,165,177,190,203,217,230,241,250,257,263,270,276,287,300,311,324,336,351,367,386,399,416,,77,154,161,170,178,186,196,204,209,218,225,234,251,269,286,305,322,332,340,347,356,366,379,393,406,419,434,459,484,512,537,566
78,65,74,79,87,94,99,112,122,136,147,158,169,177,189,199,210,225,240,255,267,283,283,281,277,276,273,303,335,365,396,426,,78,133,145,155,166,176,187,191,193,197,198,201,219,235,252,268,287,302,320,337,355,371,371,371,371,371,371,401,434,466,499,531
79,65,73,82,90,96,103,109,119,126,132,140,144,153,158,166,173,198,229,252,279,307,285,264,242,221,200,251,302,352,404,455,,79,119,131,139,150,162,172,171,170,169,169,170,184,198,212,227,242,272,300,333,362,392,373,355,337,320,300,341,379,418,457,496
75-79,475,517,555,596,629,667,712,758,806,849,898,953,1011,1076,1133,1189,1245,1301,1348,1397,1447,1488,1527,1559,1599,1636,1736,1843,1949,2052,2156,,75-79,730,776,816,859,903,950,991,1031,1074,1115,1160,1243,1330,1413,1500,1586,1645,1703,1767,1829,1889,1938,1986,2033,2080,2127,2264,2401,2539,2675,2813
80+,441,462,481,500,519,537,565,594,623,650,677,724,773,820,867,914,978,1039,1103,1166,1230,1298,1367,1438,1505,1572,1637,1700,1765,1827,1894,,80+,741,778,813,850,884,920,968,1014,1058,1105,1153,1255,1360,1465,1568,1673,1789,1906,2022,2139,2256,2350,2449,2547,2644,2740,2814,2889,2964,3040,3112
,,,,,,,,,,,,,,,,,,,,,,,,,,,,,,,,,,,,,,,,,,,,,,,,,,,,,,,,,,,,,,,,
INICIO,Población Femenina,,,,,,,,,,,,,,,,,,,,,,,,,,,,,,,,INICIO,,,,,,,,,,,,,,,,,,,,,,,,,,,,,,,
CAMARONES,POBLACIÓN MASCULINA POR AÑOS; SEGÚN EDAD SIMPLE. 1990-2020,,,,,,,,,,,,,,,,,,,,,,,,,,,,,,,,CAMARONES,POBLACIÓN FEMENINA POR AÑOS; SEGÚN EDAD SIMPLE. 1990-2020,,,,,,,,,,,,,,,,,,,,,,,,,,,,,,
,,,,,,,,,,,,,,,,,,,,,,,,,,,,,,,,,,,,,,,,,,,,,,,,,,,,,,,,,,,,,,,,
EDAD,1990,1991,1992,1993,1994,1995,1996,1997,1998,1999,2000,2001,2002,2003,2004,2005,2006,2007,2008,2009,2010,2011,2012,2013,2014,2015,2016,2017,2018,2019,2020,,EDAD,1990,1991,1992,1993,1994,1995,1996,1997,1998,1999,2000,2001,2002,2003,2004,2005,2006,2007,2008,2009,2010,2011,2012,2013,2014,2015,2016,2017,2018,2019,2020
,,,,,,,,,,,,,,,,,,,,,,,,,,,,,,,,,,,,,,,,,,,,,,,,,,,,,,,,,,,,,,,,
HOMBRES,548,561,583,607,624,650,673,694,715,733,756,773,791,808,821,838,862,876,901,918,937,959,980,1000,1016,1032,1053,1059,1077,1092,1102,,MUJERES,279,292,309,333,349,366,389,413,433,457,483,505,526,546,564,582,609,632,652,674,700,727,746,771,799,824,850,876,901,938,962
,,,,,,,,,,,,,,,,,,,,,,,,,,,,,,,,,,,,,,,,,,,,,,,,,,,,,,,,,,,,,,,,
0,5,5,5,5,5,5,7,8,9,11,12,11,10,8,7,6,7,9,10,11,12,12,12,12,12,12,12,11,11,11,11,,0,6,6,6,6,6,5,5,5,5,5,5,6,8,9,10,11,11,11,10,10,10,11,11,11,12,12,12,12,11,11,11
1,7,7,7,7,7,7,8,8,9,10,10,10,9,9,8,8,9,9,10,11,12,12,12,12,13,13,13,13,13,13,13,,1,10,10,10,9,9,9,8,8,7,7,7,7,8,8,9,9,9,10,10,10,11,11,11,12,12,12,12,12,12,13,13
2,8,8,8,8,8,8,9,9,9,9,9,9,9,9,9,9,10,10,10,11,11,11,12,12,13,13,14,14,14,14,15,,2,6,6,6,6,6,5,6,6,7,7,8,8,8,8,8,8,9,9,10,10,11,11,11,12,12,12,13,13,13,14,14
3,7,7,7,7,7,7,8,8,8,8,9,9,9,10,10,10,10,10,10,10,10,11,12,12,13,14,14,14,15,15,16,,3,10,10,10,9,9,9,9,9,9,9,9,8,8,8,8,8,8,9,9,10,11,11,12,12,12,13,13,13,14,14,15
4,11,11,11,11,11,12,11,10,10,9,9,9,10,10,11,11,11,11,11,10,10,11,12,12,13,14,14,15,15,16,16,,4,7,7,7,7,7,7,7,8,8,9,10,9,9,8,8,7,8,9,9,10,11,11,11,12,12,13,13,14,14,15,15
0- 4,38,38,38,38,38,39,43,43,45,47,49,48,47,46,45,44,47,49,51,53,55,57,60,60,64,66,67,67,68,69,71,,0- 4,39,39,39,37,37,35,35,36,36,37,39,38,41,41,43,43,45,48,48,50,54,55,56,59,60,62,63,64,64,67,68
5,12,12,12,13,13,14,13,12,11,10,9,9,10,11,11,12,11,11,11,10,10,11,12,12,13,14,14,14,15,15,15,,5,3,3,4,4,4,5,6,7,8,9,11,10,9,9,8,7,8,9,9,10,10,11,11,12,12,13,13,13,13,14,14
6,11,11,12,12,12,13,12,11,11,10,9,10,10,11,11,12,11,11,11,11,10,11,12,12,13,13,14,14,15,15,15,,6,9,9,10,11,12,13,12,12,12,12,11,11,10,9,9,8,8,9,9,10,10,11,11,11,12,12,13,13,13,14,14
7,5,6,6,6,6,6,7,8,8,9,10,10,10,11,11,12,11,11,11,11,11,11,12,12,13,13,14,14,14,15,15,,7,6,7,8,8,9,9,10,10,11,11,12,11,10,10,9,9,9,9,9,10,10,10,11,11,12,12,13,13,13,14,14
8,7,8,8,8,8,9,9,9,10,10,10,10,11,11,11,11,11,11,11,11,11,11,12,12,12,13,13,14,14,15,15,,8,12,13,14,15,16,17,16,15,14,13,12,12,11,11,10,9,10,10,10,10,10,10,11,11,12,12,12,13,13,14,14
9,6,6,6,7,7,7,8,9,9,10,11,11,11,11,11,11,11,11,11,11,11,12,12,12,12,12,13,13,14,15,15,,9,4,4,5,5,5,6,7,8,10,11,12,12,12,11,11,10,10,10,10,10,10,10,10,11,11,12,12,13,13,14,14
5-9,41,43,44,46,46,49,49,49,49,49,49,50,52,55,55,58,55,55,55,54,53,56,60,60,63,65,68,69,72,75,75,,5-9,34,36,41,43,46,50,51,52,55,56,58,56,52,50,47,43,45,47,47,50,50,52,54,56,59,61,63,65,65,70,70
10,7,8,9,10,11,12,12,12,12,11,11,11,11,11,11,11,11,11,12,12,12,12,12,12,12,12,13,13,14,14,15,,10,5,6,7,8,9,10,11,11,12,12,12,12,12,12,12,11,11,11,10,10,9,10,10,11,11,11,12,12,13,13,14
11,7,7,8,9,10,11,11,11,12,12,12,12,11,11,11,10,11,11,12,12,13,13,12,12,12,11,12,13,13,14,15,,11,6,7,8,9,10,11,11,12,12,12,12,12,12,12,13,13,12,11,11,10,9,10,10,10,11,11,12,12,13,13,14
12,6,6,7,8,9,9,10,11,11,12,13,12,12,11,11,10,11,11,12,13,13,13,13,12,12,11,12,13,13,14,15,,12,3,3,4,4,5,6,7,8,9,11,12,12,13,13,13,13,13,12,11,10,9,10,10,10,11,11,12,12,13,13,14
13,2,2,3,3,3,3,5,7,9,11,12,12,12,12,11,11,11,12,12,13,13,13,13,12,12,12,12,13,13,14,14,,13,3,4,4,5,5,6,7,8,9,10,11,12,12,13,13,14,13,12,11,11,10,10,10,10,11,11,11,12,12,13,13
14,6,7,7,8,8,9,10,10,11,11,12,12,12,12,12,12,12,12,13,13,13,13,13,13,13,13,13,13,14,14,14,,14,4,5,5,6,7,7,8,9,9,10,11,11,12,12,13,13,13,12,12,12,11,11,11,11,10,10,11,11,12,12,13
10-14,28,30,34,38,41,44,48,51,55,57,60,59,58,57,56,54,56,57,61,63,64,64,63,61,61,59,62,65,67,70,73,,10-14,21,25,28,32,36,40,44,48,51,55,58,59,61,62,64,64,62,58,55,53,48,51,51,52,54,54,58,59,63,64,68
15,5,6,6,6,7,7,8,9,10,11,12,12,12,13,13,13,13,13,13,13,12,13,13,13,14,14,14,14,14,14,14,,15,2,2,2,3,3,3,4,6,7,9,10,11,11,12,12,13,13,13,12,12,12,12,11,11,10,10,10,11,11,12,12
16,6,6,6,7,7,7,8,9,9,10,11,12,13,13,14,15,14,13,13,12,12,12,13,14,14,15,15,14,14,14,13,,16,1,1,1,1,1,1,3,4,6,8,9,10,11,11,12,13,13,13,13,13,13,12,12,11,10,9,10,10,11,11,12
17,1,1,1,1,1,1,3,5,7,9,11,12,13,14,15,16,15,14,13,13,12,13,14,15,15,16,16,15,15,14,13,,17,5,5,5,5,6,6,6,7,7,8,8,9,10,11,12,12,13,13,13,13,14,13,12,11,10,9,10,10,10,11,11
18,7,7,7,8,8,8,9,9,10,10,11,12,13,14,15,16,16,15,15,14,14,14,15,15,16,16,16,16,16,15,15,,18,7,7,7,8,8,8,8,8,8,8,7,8,9,10,11,12,12,13,13,14,14,13,12,12,11,10,10,10,11,11,11
19,4,5,5,6,6,7,7,8,9,10,11,12,13,14,15,16,16,16,16,16,16,16,16,17,17,17,17,17,17,17,17,,19,4,4,5,5,5,5,5,6,6,6,7,8,8,9,10,11,12,12,13,13,14,13,13,12,12,11,11,11,11,11,11
15-19,23,25,25,28,29,30,35,40,45,50,56,60,64,68,72,76,74,71,70,68,66,68,71,74,76,78,78,76,76,74,72,,15-19,19,19,20,22,23,23,26,31,34,39,41,46,49,53,57,61,63,64,64,65,67,63,60,57,53,49,51,52,54,56,57
20,5,5,5,5,5,5,6,7,8,9,10,12,13,14,15,16,17,17,18,18,19,18,18,18,17,17,17,18,18,19,19,,20,4,4,4,4,4,4,4,5,5,5,6,7,8,9,10,11,11,12,13,13,14,14,13,13,13,13,12,12,11,11,10
21,10,10,10,10,10,11,10,10,10,10,10,12,13,14,15,16,17,18,19,20,21,20,19,18,18,17,18,18,19,20,21,,21,1,1,1,1,1,1,2,3,3,4,5,6,7,8,9,10,11,11,12,13,14,14,14,14,14,14,13,12,12,11,10
22,19,19,19,19,19,19,17,16,14,12,10,12,13,14,15,16,18,19,20,21,23,22,21,20,19,18,19,20,21,22,23,,22,7,7,7,7,7,7,6,6,5,5,4,5,6,7,8,9,10,11,12,13,13,14,14,14,14,15,14,13,12,11,10
23,3,3,3,3,3,3,5,6,8,9,11,12,13,14,15,16,18,19,20,22,23,23,22,21,21,20,21,21,22,23,23,,23,4,4,4,4,4,4,4,4,4,4,4,5,6,7,7,8,9,10,11,12,13,13,14,14,14,15,14,13,12,11,11
24,10,10,10,10,10,10,11,11,11,11,12,12,13,14,15,16,17,19,20,22,23,23,23,23,23,23,23,23,23,23,23,,24,8,8,8,8,8,8,7,6,6,5,5,5,6,6,7,7,8,9,10,11,12,12,13,13,14,14,14,13,13,12,12
20-24,47,47,47,47,47,48,49,50,51,51,53,60,65,70,75,80,87,92,97,103,109,106,103,100,98,95,98,100,103,107,109,,20-24,24,24,24,24,24,24,23,24,23,23,24,28,33,37,41,45,49,53,58,62,66,67,68,68,69,71,67,63,60,56,53
25,10,10,10,11,11,11,11,12,12,12,12,13,13,14,15,15,17,18,20,21,23,24,24,25,25,26,25,25,24,24,23,,25,4,4,5,5,5,5,5,5,5,5,5,6,6,6,6,6,7,8,9,10,11,12,12,13,13,14,14,13,13,13,12
26,13,13,13,14,14,14,14,14,13,13,13,13,14,14,14,15,16,18,20,21,23,24,25,26,27,29,27,26,25,24,23,,26,5,5,6,6,6,6,6,6,6,6,6,6,6,5,5,5,6,7,8,9,10,11,11,12,13,14,13,13,13,13,13
27,20,20,21,21,22,22,20,19,17,15,13,14,14,14,14,14,16,18,19,21,22,24,25,27,28,30,29,27,26,25,23,,27,4,4,4,5,5,5,5,5,6,6,6,6,5,5,5,4,5,6,7,8,9,10,11,11,12,13,13,13,13,14,14
28,13,13,13,13,14,14,14,14,14,14,14,14,14,14,14,14,16,17,18,19,21,22,24,26,28,29,28,27,26,25,24,,28,5,5,5,6,6,6,6,6,6,6,6,6,5,5,5,4,5,6,7,7,8,9,10,11,12,12,13,13,13,14,14
29,9,10,10,10,10,11,11,12,13,14,15,15,14,14,14,14,15,16,17,18,19,21,22,24,25,27,27,26,26,26,25,,29,4,4,4,4,5,5,5,5,5,5,5,5,5,5,5,5,5,6,6,7,7,8,9,10,11,12,12,13,13,13,14
25-29,65,66,67,69,71,72,70,71,69,68,67,69,69,70,71,72,80,87,94,100,108,115,120,128,133,141,136,131,127,124,118,,25-29,22,22,24,26,27,27,27,27,28,28,28,29,27,26,26,24,28,33,37,41,45,50,53,57,61,65,65,65,65,67,67
30,11,11,12,13,13,14,14,15,15,15,15,15,15,14,14,14,15,15,16,16,17,19,20,22,23,25,25,25,26,26,26,,30,2,2,2,2,2,2,3,3,4,4,4,5,5,5,5,6,6,6,6,6,6,7,8,9,10,11,12,12,13,13,14
31,14,15,16,17,18,19,18,18,17,16,16,15,15,15,14,14,14,14,14,15,15,17,18,20,21,23,23,24,25,26,27,,31,4,4,5,5,5,5,5,5,4,4,4,4,5,5,6,6,6,6,5,5,5,6,7,8,9,10,11,12,12,13,14
32,19,20,21,23,24,25,23,22,20,18,16,16,15,15,14,14,14,14,14,13,13,15,16,18,19,20,22,23,24,25,27,,32,4,4,4,4,5,5,5,4,4,4,4,4,5,5,6,7,6,6,5,5,4,5,6,7,8,9,10,11,12,13,13
33,10,10,11,12,12,13,14,14,15,15,16,15,15,15,14,14,13,13,13,13,13,14,15,16,17,18,20,21,22,24,25,,33,4,4,4,5,5,5,5,5,5,4,4,5,5,6,6,6,6,6,5,5,5,6,6,7,8,9,10,10,11,12,13
34,9,10,10,11,11,12,12,13,14,15,15,15,15,14,14,14,14,13,13,13,12,13,14,15,16,16,18,19,20,21,23,,34,4,4,4,5,5,5,5,5,5,5,5,6,6,6,6,6,6,6,6,6,6,6,7,7,7,8,9,10,11,12,13
30-34,63,66,70,76,78,83,81,82,81,79,78,76,75,73,70,70,70,69,70,70,70,78,83,91,96,102,108,112,117,122,128,,30-34,18,18,19,21,22,22,23,22,22,21,21,24,26,27,29,31,30,30,27,27,26,30,34,38,42,47,52,55,59,63,67
35,12,12,13,14,14,15,15,15,15,15,15,15,14,14,14,14,14,13,13,12,12,12,13,13,14,14,16,17,18,19,20,,35,4,4,4,5,5,5,6,6,6,6,7,6,6,6,6,5,6,6,6,6,7,7,7,7,7,7,8,9,10,12,13
36,9,9,10,10,10,11,11,12,13,13,14,14,14,14,14,14,14,13,13,12,12,12,12,12,12,12,13,14,16,17,18,,36,5,5,5,6,6,6,7,7,7,8,8,7,7,6,5,5,5,6,7,7,8,7,7,7,6,6,7,9,10,11,13
37,13,13,14,14,15,15,15,15,14,14,14,14,14,14,14,14,14,13,13,12,11,11,11,11,11,11,12,13,14,15,16,,37,7,8,9,9,10,11,10,10,9,9,8,8,7,6,5,5,5,6,7,8,8,8,7,7,6,6,7,8,9,11,12
38,4,4,4,4,4,5,6,8,10,11,13,13,13,13,14,14,13,13,12,12,11,11,11,11,10,10,11,11,12,13,14,,38,4,4,4,4,5,5,6,6,7,8,8,8,7,7,6,5,6,6,7,8,8,8,7,7,7,6,7,8,9,10,11
39,12,12,13,13,14,14,14,14,13,13,12,13,13,13,13,13,13,13,12,12,12,11,11,10,10,10,10,11,11,12,12,,39,3,3,3,4,4,4,5,5,6,7,7,7,7,7,7,7,7,7,7,7,7,7,7,7,7,7,8,8,9,9,10
35-39,50,50,54,55,57,60,61,64,65,66,68,69,68,68,69,69,68,65,63,60,58,57,58,57,57,57,62,66,71,76,80,,35-39,23,24,25,28,30,31,34,34,35,38,38,36,34,32,29,27,29,31,34,36,38,37,35,35,33,32,37,42,47,53,59
40,11,11,11,11,11,12,12,12,12,12,12,12,12,12,13,13,13,12,12,12,12,11,11,10,10,9,10,10,10,11,11,,40,5,5,5,5,6,6,6,6,6,6,7,7,7,7,8,8,8,7,7,7,6,7,7,7,8,8,8,8,8,8,9
41,9,10,10,10,10,10,10,10,11,11,11,11,12,12,12,12,12,12,12,12,12,11,11,10,10,9,9,9,9,9,9,,41,3,3,3,4,4,4,4,5,5,5,6,7,7,8,9,9,9,8,7,6,6,6,7,8,9,9,9,9,8,8,7
42,6,6,6,6,6,6,7,8,9,10,11,11,11,11,12,12,12,12,12,12,12,11,11,10,10,9,9,9,9,9,8,,42,5,5,5,6,6,6,6,6,6,5,5,6,7,8,9,10,9,8,7,6,6,6,7,8,9,10,9,9,8,7,7
43,9,9,9,9,9,9,10,10,10,10,10,10,11,11,11,12,12,12,12,12,12,12,11,11,10,10,9,9,9,8,8,,43,4,4,4,4,5,5,5,5,5,5,5,6,7,8,9,10,9,8,8,7,6,7,8,8,9,9,9,9,8,8,7
44,7,7,8,8,8,8,9,9,9,9,10,10,10,11,11,11,12,12,12,12,12,12,11,11,10,10,10,9,9,8,8,,44,2,2,2,2,2,3,3,4,4,5,6,6,7,8,8,9,9,8,8,8,8,8,8,8,8,8,8,8,8,8,8
40-44,42,43,44,44,44,45,48,49,51,52,54,54,56,57,59,60,61,60,60,60,60,57,55,52,50,47,47,46,46,45,44,,40-44,19,19,19,21,23,24,24,26,26,26,29,32,35,39,43,46,44,39,37,34,32,34,37,39,43,44,43,43,40,39,38
45,10,10,10,10,10,10,10,10,10,10,10,10,10,11,11,11,11,11,12,12,12,12,11,11,11,10,10,9,9,9,8,,45,4,5,6,7,7,8,8,7,7,7,6,6,7,7,7,8,8,8,9,9,10,9,9,8,8,7,8,8,9,9,9
46,8,8,8,8,8,8,8,8,9,9,9,10,10,10,11,11,11,11,12,12,12,12,12,11,11,11,10,10,9,9,8,,46,3,4,4,5,5,6,6,6,6,6,6,6,7,7,7,7,8,8,9,10,11,10,9,8,7,6,7,8,9,10,11
47,3,3,3,3,3,3,4,5,7,8,9,9,10,10,10,11,11,11,11,12,12,12,12,12,11,11,11,10,10,9,9,,47,1,1,1,2,2,2,3,4,5,6,7,7,6,6,6,6,7,8,10,11,12,11,10,9,7,6,7,8,9,11,12
48,10,10,11,11,11,11,11,10,10,10,9,9,10,10,10,10,11,11,11,11,12,12,12,12,12,12,11,10,10,9,9,,48,1,1,1,2,2,2,3,4,5,6,7,7,7,7,7,7,8,9,10,11,12,11,10,9,9,8,9,9,10,11,11
49,10,10,10,10,10,10,10,10,10,10,10,10,10,10,10,10,10,11,11,11,11,11,11,11,11,11,11,11,10,10,9,,49,1,1,1,2,2,2,3,4,5,6,7,7,7,7,7,8,8,9,10,10,11,11,11,11,11,11,11,11,11,11,11
45-49,41,41,42,42,42,42,43,43,46,47,47,48,50,51,52,53,54,55,57,58,59,59,58,57,56,55,53,50,48,46,43,,45-49,10,12,13,18,18,20,23,25,28,31,33,33,34,34,34,36,39,42,48,51,56,52,49,45,42,38,42,44,48,52,54
50,7,7,7,8,8,8,9,9,9,10,10,10,10,10,10,10,10,10,11,11,11,11,11,11,11,11,11,11,10,10,10,,50,3,4,5,5,6,7,7,7,7,7,6,7,7,8,8,8,9,9,10,10,10,11,11,12,13,13,12,12,11,11,10
51,8,8,9,9,10,11,10,10,10,10,10,10,10,10,10,9,10,10,10,11,11,11,11,11,11,11,11,11,11,10,10,,51,3,4,4,5,5,6,6,6,6,6,6,7,8,8,9,9,9,9,9,9,9,11,12,13,15,16,14,13,12,10,9
52,9,9,10,10,11,11,11,11,11,11,11,10,10,10,9,9,9,10,10,10,10,11,11,11,11,11,11,11,11,11,11,,52,1,1,1,1,1,2,3,3,4,5,6,7,8,8,9,10,10,10,9,9,9,11,12,14,16,17,16,14,13,11,9
53,7,7,8,8,9,9,9,9,10,10,10,10,10,9,9,9,9,9,10,10,10,10,10,11,11,11,11,11,11,11,11,,53,2,2,3,3,3,4,4,5,5,6,6,7,8,8,9,10,10,10,10,10,10,11,13,14,16,17,16,15,14,13,12
54,3,3,3,3,3,4,5,6,7,8,9,9,9,9,9,9,9,9,9,9,9,10,10,10,10,11,10,10,10,10,10,,54,2,2,3,3,3,4,4,5,5,6,6,7,7,8,9,9,10,10,10,11,11,12,13,14,15,16,16,15,15,15,15
50-54,34,34,37,38,41,43,44,45,47,49,50,49,49,48,47,46,47,48,50,51,51,53,53,54,54,55,54,54,53,52,52,,50-54,11,13,16,17,18,23,24,26,27,30,30,35,38,40,44,46,48,48,48,49,49,56,61,67,75,79,74,69,65,60,55
55,4,4,5,5,5,6,6,7,7,8,9,9,9,9,9,9,9,9,9,9,9,9,9,10,10,10,10,10,10,10,10,,55,2,2,2,3,3,3,4,4,5,5,6,7,7,8,8,9,10,10,11,11,12,12,13,13,14,15,15,16,17,17,18
56,5,5,6,6,6,6,7,7,7,7,8,8,8,9,9,9,9,9,9,8,8,9,9,9,9,10,10,10,10,10,10,,56,1,1,1,1,1,1,2,3,4,5,6,6,7,8,8,9,10,10,11,12,13,13,13,13,13,13,15,17,18,20,22
57,3,3,3,4,4,4,5,5,6,6,7,8,8,8,9,9,9,9,8,8,8,8,8,9,9,9,9,9,10,10,10,,57,6,7,7,8,8,9,8,7,7,6,6,6,7,7,8,8,9,10,11,12,13,13,13,13,12,12,14,17,19,21,23
58,4,4,4,5,5,5,5,6,6,6,7,7,8,8,9,9,9,9,8,8,8,8,8,9,9,9,9,9,9,10,10,,58,3,3,3,4,4,4,4,4,5,5,5,5,6,7,7,8,9,10,11,12,12,12,12,12,12,12,14,16,18,20,22
59,3,3,3,3,4,4,4,5,5,6,6,7,7,8,8,9,9,9,9,9,9,9,9,9,9,9,9,9,9,10,10,,59,0,0,0,0,0,0,1,2,2,3,4,5,5,6,7,7,8,9,10,10,11,12,12,12,12,13,14,15,16,18,19
55-59,19,19,21,23,24,25,27,30,31,33,37,39,40,42,44,45,45,45,43,42,42,43,43,46,46,47,47,47,48,50,50,,55-59,12,13,13,16,16,17,19,20,23,24,27,29,32,36,38,41,46,49,54,57,61,62,63,63,63,65,72,81,88,96,104
60,4,4,5,5,5,5,6,6,6,6,6,7,7,7,8,8,8,8,9,9,9,9,9,9,9,9,9,9,9,9,10,,60,3,3,3,3,3,3,3,3,3,3,3,4,4,5,6,7,7,8,9,9,10,11,11,12,12,13,13,14,15,16,16
61,0,0,0,0,0,0,1,2,4,5,6,6,7,7,7,8,8,8,9,9,9,9,9,9,9,8,9,9,9,9,10,,61,3,3,3,3,3,3,3,3,2,2,2,3,4,4,5,6,7,7,8,8,9,10,10,11,12,13,13,13,13,13,14
62,7,8,8,9,9,10,9,8,7,6,6,6,6,7,7,7,8,8,9,9,9,9,9,9,9,8,9,9,9,9,10,,62,6,6,5,5,5,5,4,4,3,2,2,2,3,4,5,5,6,6,7,7,8,9,10,11,12,13,12,12,12,12,12
63,3,3,3,3,4,4,4,4,5,5,5,6,6,6,7,7,7,8,8,9,9,9,9,9,9,8,9,9,9,9,9,,63,0,0,0,0,0,0,0,1,1,1,2,2,3,3,4,4,5,6,6,7,7,8,9,10,11,12,12,12,11,11,11
64,2,2,2,2,2,2,3,3,4,4,5,5,6,6,6,7,7,7,8,8,9,9,9,9,9,9,9,9,9,9,9,,64,2,2,2,2,2,2,2,2,2,2,2,3,3,3,3,4,4,5,6,6,7,8,8,9,10,11,11,11,11,12,12
60-64,16,17,18,19,20,21,23,23,26,26,28,30,32,33,35,37,38,39,43,44,45,45,45,45,45,42,45,45,45,45,48,,60-64,14,14,13,13,13,13,12,13,11,10,11,14,17,19,23,26,29,32,36,37,41,46,48,53,57,62,61,62,62,64,65
65,8,8,8,8,8,8,7,7,6,5,5,5,5,6,6,6,7,7,7,8,8,8,9,9,9,9,9,9,9,9,9,,65,0,0,0,0,0,0,1,1,2,2,3,3,3,3,3,3,4,4,5,6,6,7,8,8,9,10,10,11,11,12,12
66,6,6,6,6,6,7,6,6,5,5,4,5,5,5,5,6,6,7,7,7,8,8,8,9,9,9,9,9,9,9,8,,66,0,0,0,0,0,0,1,1,2,3,4,3,3,3,2,2,3,4,4,5,6,6,7,8,8,9,9,10,11,12,13
67,4,4,4,4,4,4,4,4,4,4,4,4,5,5,5,5,6,6,7,7,7,8,8,8,9,9,9,9,9,8,8,,67,0,0,0,0,0,0,1,2,2,3,4,4,3,3,2,2,2,3,4,4,5,6,6,7,7,8,9,10,11,12,12
68,2,2,2,2,2,2,3,3,3,4,4,4,4,5,5,5,5,6,6,6,7,7,8,8,8,9,9,9,9,8,8,,68,0,0,0,0,0,0,1,2,2,3,4,3,3,3,2,2,2,3,3,4,4,5,5,6,7,7,8,9,10,11,12
69,0,0,0,0,0,0,1,2,2,3,4,4,4,4,5,5,5,5,6,6,6,7,7,8,8,8,8,8,8,8,8,,69,0,0,0,0,0,0,1,1,2,3,3,3,3,3,3,2,3,3,3,3,4,4,5,5,6,7,7,8,9,10,10
65-69,20,20,20,20,20,21,21,22,20,21,21,22,23,25,26,27,29,31,33,34,36,38,40,42,43,44,44,44,44,42,41,,65-69,0,0,0,0,0,0,5,7,10,14,18,16,15,15,12,11,14,17,19,22,25,28,31,34,37,41,43,48,52,57,59
70,6,7,7,8,8,9,8,7,6,5,4,4,4,4,4,4,5,5,5,6,6,6,7,7,7,8,8,8,8,8,8,,70,0,0,0,0,0,0,1,1,2,2,3,3,3,3,3,3,3,3,3,3,3,4,4,5,5,6,7,7,8,9,9
71,2,2,2,2,3,3,3,3,3,4,4,4,4,4,4,4,4,5,5,5,5,6,6,7,7,7,8,8,8,8,8,,71,2,3,3,3,4,4,4,4,3,3,3,3,3,3,3,3,3,3,3,2,2,3,4,4,5,5,6,7,7,8,8
72,2,2,2,2,2,2,2,3,3,4,4,4,4,4,4,4,4,4,4,5,5,5,6,6,6,7,7,7,8,8,8,,72,1,1,1,1,1,1,2,2,2,2,2,3,3,3,3,3,3,3,3,2,2,2,3,4,4,5,5,6,6,7,7
73,1,1,1,1,1,1,2,2,3,3,4,4,4,4,4,4,4,4,4,4,5,5,5,6,6,6,7,7,7,8,8,,73,0,0,0,0,0,0,0,1,1,2,2,2,3,3,3,4,3,3,2,2,2,2,3,3,4,4,5,5,6,6,7
74,0,0,0,0,0,0,1,1,2,3,4,4,4,4,3,3,4,4,4,4,4,4,5,5,5,6,6,7,7,7,8,,74,1,1,1,1,1,2,2,2,2,2,2,2,3,3,3,4,3,3,2,2,2,2,2,3,3,4,4,4,5,5,6
70-74,11,12,12,13,14,15,16,16,17,19,20,20,20,20,19,19,21,22,22,24,25,26,29,31,31,34,36,37,38,39,40,,70-74,4,5,5,5,6,7,9,10,10,11,12,13,15,15,15,17,15,15,13,11,11,13,16,19,21,24,27,29,32,35,37
75,4,4,4,4,4,4,4,4,4,4,3,3,3,3,3,3,3,4,4,4,4,4,4,5,5,5,6,6,7,7,7,,75,1,1,1,1,1,1,1,1,2,2,2,2,2,3,3,4,3,3,2,2,2,2,2,2,3,3,3,4,4,5,5
76,0,0,0,0,0,0,1,1,2,3,3,3,3,3,3,3,3,3,3,3,4,4,4,4,4,5,5,6,6,6,7,,76,1,1,1,1,1,1,1,1,1,2,2,2,2,3,3,3,3,3,2,2,2,2,2,2,2,2,3,3,4,4,4
77,1,1,1,1,1,1,2,2,2,2,3,3,3,3,3,3,3,3,3,3,3,3,4,4,4,4,5,5,5,6,6,,77,0,0,0,0,0,0,0,1,1,1,2,2,2,2,2,2,2,3,3,3,3,3,2,2,2,2,2,3,3,4,4
78,1,1,1,1,1,1,1,2,2,2,2,2,3,3,3,3,3,3,3,3,3,3,3,4,4,4,4,4,5,5,5,,78,0,0,0,0,0,0,0,1,1,1,2,2,2,2,1,1,2,2,3,3,4,3,3,2,2,1,2,2,3,3,4
79,2,2,2,2,3,3,3,2,2,2,2,2,2,3,3,4,4,3,3,3,3,3,3,4,4,4,4,4,4,4,4,,79,2,2,3,3,3,3,3,3,3,2,2,2,1,1,0,0,1,2,3,4,5,4,3,2,1,1,1,2,3,3,4
75-79,8,8,8,8,9,9,11,11,12,13,13,13,14,15,15,16,16,16,16,16,17,17,18,21,21,22,24,25,27,28,29,,75-79,4,4,5,5,5,5,5,7,8,8,10,10,9,11,9,10,11,13,13,14,16,14,12,10,10,9,11,14,17,19,21
80+,2,2,2,3,3,4,4,5,5,6,6,7,9,10,11,12,14,15,16,18,19,20,21,21,22,23,24,25,27,28,29,,80+,5,5,5,5,5,5,5,5,6,6,6,7,8,9,10,11,12,13,14,15,15,17,18,19,20,21,21,21,20,20,20
,,,,,,,,,,,,,,,,,,,,,,,,,,,,,,,,,,,,,,,,,,,,,,,,,,,,,,,,,,,,,,,,
INICIO,Población Femenina,,,,,,,,,,,,,,,,,,,,,,,,,,,,,,,,INICIO,,,,,,,,,,,,,,,,,,,,,,,,,,,,,,,
PUTRE,POBLACIÓN MASCULINA POR AÑOS; SEGÚN EDAD SIMPLE. 1990-2020,,,,,,,,,,,,,,,,,,,,,,,,,,,,,,,,PUTRE,POBLACIÓN FEMENINA POR AÑOS; SEGÚN EDAD SIMPLE. 1990-2020,,,,,,,,,,,,,,,,,,,,,,,,,,,,,,
,,,,,,,,,,,,,,,,,,,,,,,,,,,,,,,,,,,,,,,,,,,,,,,,,,,,,,,,,,,,,,,,
EDAD,1990,1991,1992,1993,1994,1995,1996,1997,1998,1999,2000,2001,2002,2003,2004,2005,2006,2007,2008,2009,2010,2011,2012,2013,2014,2015,2016,2017,2018,2019,2020,,EDAD,1990,1991,1992,1993,1994,1995,1996,1997,1998,1999,2000,2001,2002,2003,2004,2005,2006,2007,2008,2009,2010,2011,2012,2013,2014,2015,2016,2017,2018,2019,2020
,,,,,,,,,,,,,,,,,,,,,,,,,,,,,,,,,,,,,,,,,,,,,,,,,,,,,,,,,,,,,,,,
HOMBRES,2001,1923,1855,1778,1707,1635,1574,1516,1460,1403,1345,1286,1235,1177,1119,1065,1022,979,933,887,844,806,771,736,699,665,638,607,574,542,507,,MUJERES,769,760,743,721,709,689,680,668,656,643,635,615,599,585,571,550,535,519,507,494,477,465,450,436,427,415,389,379,370,357,348
,,,,,,,,,,,,,,,,,,,,,,,,,,,,,,,,,,,,,,,,,,,,,,,,,,,,,,,,,,,,,,,,
0,18,17,16,15,14,13,11,10,8,7,5,6,6,7,7,8,7,7,6,6,5,5,5,4,4,4,4,3,3,3,2,,0,12,11,10,9,8,8,7,7,7,7,7,7,7,7,7,7,7,6,6,5,5,5,4,4,4,4,3,3,3,2,2
1,11,10,10,9,9,8,8,8,8,9,9,8,8,8,7,7,7,6,6,6,5,5,5,5,4,4,4,3,3,3,3,,1,16,15,14,12,11,10,10,9,9,8,8,7,7,7,7,6,6,6,6,5,5,5,4,4,4,4,3,3,3,3,3
2,19,18,17,16,15,14,14,13,12,12,11,10,9,8,7,6,6,6,6,5,5,5,5,5,4,4,4,4,3,3,3,,2,30,28,26,24,22,20,18,15,13,11,8,8,7,7,7,6,6,6,5,5,5,5,4,4,4,4,4,3,3,3,3
3,16,15,15,14,13,12,12,12,12,12,12,11,10,9,7,6,6,6,6,5,5,5,5,5,4,4,4,4,3,3,3,,3,15,14,13,12,11,10,10,10,10,9,9,8,8,7,6,6,6,5,5,5,5,5,4,4,4,4,4,3,3,3,3
4,15,14,14,13,12,12,12,12,13,13,13,12,10,9,8,6,6,6,6,5,5,5,5,4,4,4,4,4,4,3,3,,4,15,14,13,12,11,11,10,10,10,10,10,9,8,7,6,6,6,5,5,5,5,5,4,4,4,4,4,3,3,3,3
0- 4,79,74,72,67,63,59,57,55,53,53,50,47,43,41,36,33,32,31,30,27,25,25,25,23,20,20,20,18,16,15,14,,0- 4,88,82,76,69,63,59,55,51,49,45,42,39,37,35,33,31,31,28,27,25,25,25,20,20,20,20,18,15,15,14,14
5,10,9,9,9,9,9,10,11,12,13,14,12,11,9,8,7,6,6,6,5,5,5,5,4,4,4,4,4,3,3,3,,5,15,14,14,14,13,13,12,12,11,11,10,9,8,7,7,6,5,5,5,5,5,5,4,4,4,4,3,3,3,3,3
6,19,18,18,18,18,17,17,16,15,14,13,12,11,10,8,7,7,6,6,5,5,5,5,4,4,4,4,4,3,3,3,,6,13,13,12,12,12,11,11,11,11,11,11,10,9,8,7,6,6,5,5,5,5,4,4,4,4,4,3,3,3,3,3
7,21,21,21,21,20,20,19,17,16,14,13,12,11,10,9,8,7,7,6,6,5,5,5,4,4,4,4,4,3,3,3,,7,21,20,19,19,18,17,16,15,13,12,11,10,9,8,7,6,6,5,5,5,4,4,4,4,4,4,3,3,3,3,3
8,21,21,21,20,20,20,18,17,15,14,12,11,11,10,9,9,8,7,7,6,5,5,5,4,4,4,4,4,3,3,3,,8,21,21,20,19,19,18,17,15,14,12,11,10,9,8,7,6,6,5,5,5,4,4,4,4,4,3,3,3,3,3,3
9,14,14,14,14,14,13,13,13,12,12,11,11,10,10,10,9,9,8,7,6,5,5,5,5,4,4,4,4,4,3,3,,9,21,20,20,19,19,18,17,15,14,12,11,10,9,8,7,6,6,6,5,5,4,4,4,4,3,3,3,3,3,3,3
5-9,85,83,83,82,81,79,77,74,70,67,63,58,54,49,44,40,37,34,32,28,25,25,25,21,20,20,20,20,16,15,15,,5-9,91,88,85,83,81,77,73,68,63,58,54,49,44,39,35,30,29,26,25,25,22,21,20,20,19,18,15,15,15,15,15
10,19,18,18,17,16,16,15,14,12,11,10,10,10,10,10,10,9,9,8,7,6,5,5,5,4,4,4,4,4,3,3,,10,11,11,10,10,10,10,10,10,10,11,11,10,9,8,8,7,6,6,5,5,4,4,4,4,3,3,3,3,3,3,2
11,13,13,12,12,11,11,10,10,10,9,9,9,10,10,11,12,10,9,8,7,6,6,5,5,5,4,4,4,4,4,3,,11,14,14,14,13,13,13,12,12,12,11,11,10,9,9,8,7,6,6,5,5,4,4,4,3,3,3,3,3,3,3,2
12,18,17,17,16,15,15,14,12,11,10,9,9,10,11,12,12,11,10,9,8,7,6,6,5,5,4,4,4,4,4,4,,12,13,13,13,12,12,12,12,11,11,11,10,10,9,9,8,7,7,6,5,5,4,4,4,3,3,3,3,3,3,2,2
13,18,17,17,16,15,15,14,13,13,12,11,11,12,12,12,12,12,11,10,9,8,7,7,6,6,5,5,5,4,4,4,,13,15,14,14,14,14,13,13,12,11,10,10,9,9,8,8,7,7,6,5,5,4,4,4,3,3,3,3,3,2,2,2
14,16,16,15,14,14,13,13,14,14,14,15,14,14,13,13,12,12,11,11,10,10,9,8,8,7,6,6,5,5,5,4,,14,12,11,11,11,10,10,10,10,9,9,9,9,8,8,8,7,7,6,5,5,4,4,4,3,3,3,3,3,2,2,2
10-14,84,81,79,75,71,70,66,63,60,56,54,53,56,56,58,58,54,50,46,41,37,33,31,29,27,23,23,22,21,20,18,,10-14,65,63,62,60,59,58,57,55,53,52,51,48,44,42,40,35,33,30,25,25,20,20,20,16,15,15,15,15,13,12,10
15,10,9,8,7,6,5,7,10,13,15,18,17,15,14,13,12,12,12,12,12,12,11,10,9,8,7,6,6,5,5,5,,15,8,8,8,8,7,7,7,8,8,8,8,8,8,8,7,7,7,6,5,5,4,4,4,3,3,3,3,2,2,2,2
16,16,14,12,10,8,6,9,12,15,18,21,19,17,15,13,11,12,12,13,13,14,12,11,10,9,7,7,6,6,6,5,,16,10,10,9,8,8,7,7,7,7,7,8,7,7,7,7,7,6,6,6,5,5,4,4,3,3,3,2,2,2,2,2
17,15,13,12,10,8,6,10,13,17,21,24,22,19,16,14,11,12,13,13,14,15,14,12,11,10,8,8,7,7,6,5,,17,9,8,8,7,7,6,6,7,7,7,7,7,7,7,7,7,6,6,6,5,5,4,4,3,3,3,2,2,2,2,2
18,207,184,162,139,117,94,80,67,53,39,26,23,21,18,16,13,13,14,14,14,15,13,12,11,10,9,9,8,7,7,6,,18,7,6,6,6,5,5,5,6,6,7,7,7,7,7,7,7,6,6,6,5,5,5,4,4,3,3,3,2,2,2,2
19,176,161,146,132,117,102,87,72,57,42,27,24,22,20,18,16,15,15,14,14,13,13,12,12,11,10,10,9,8,7,6,,19,6,6,5,5,5,5,5,6,6,7,7,7,7,7,7,7,6,6,6,5,5,5,4,4,3,3,3,3,2,2,2
15-19,424,381,340,298,256,213,193,174,155,135,116,105,94,83,74,63,64,66,66,67,69,63,57,53,48,41,40,36,33,31,27,,15-19,40,38,36,34,32,30,30,34,34,36,37,36,36,36,35,35,31,30,29,25,24,22,20,17,15,15,13,11,10,10,10
20,83,79,76,72,69,65,58,50,43,35,28,26,24,22,20,18,17,16,15,14,12,12,12,12,12,11,10,10,9,8,7,,20,15,14,14,13,12,11,11,10,9,8,7,7,7,7,7,6,6,6,6,6,5,5,5,4,4,3,3,3,3,2,2
21,39,38,36,35,33,31,31,30,30,29,29,27,26,24,23,21,19,17,15,13,11,11,12,12,12,13,11,10,9,8,7,,21,13,13,12,11,11,10,10,9,9,8,7,7,7,7,6,6,6,6,6,6,6,5,5,4,4,4,3,3,3,2,2
22,33,32,31,29,28,27,27,28,28,28,29,27,26,25,24,22,20,18,15,13,10,11,11,12,12,13,12,11,10,8,7,,22,13,13,12,12,11,10,10,9,9,8,8,7,7,7,6,6,6,6,6,6,6,5,5,5,4,4,4,3,3,2,2
23,30,29,28,27,25,24,25,25,26,26,27,26,25,24,23,22,19,17,15,13,10,11,11,11,11,12,11,10,9,8,7,,23,12,12,11,10,10,9,9,9,8,8,8,7,7,7,6,6,6,6,6,6,6,5,5,5,4,4,4,3,3,3,2
24,18,17,16,15,15,14,16,18,20,22,23,23,22,21,20,20,18,16,14,13,11,11,10,10,10,10,9,9,8,8,7,,24,7,7,6,6,6,5,6,6,7,7,8,8,7,7,7,6,6,6,6,6,6,5,5,5,5,4,4,4,3,3,3
20-24,203,195,187,178,170,161,157,151,147,140,136,129,123,116,110,103,93,84,74,66,54,56,56,57,57,59,53,50,45,40,35,,20-24,60,59,55,52,50,45,46,43,42,39,38,36,35,35,32,30,30,30,30,30,29,25,25,23,21,19,18,16,15,12,11
25,25,24,23,22,21,20,20,20,20,20,20,20,19,19,18,18,16,15,14,12,11,10,10,9,9,8,8,7,7,7,7,,25,11,11,11,11,11,11,11,10,9,9,8,8,7,7,7,6,6,6,6,6,6,5,5,5,5,5,4,4,3,3,3
26,39,37,36,34,32,31,28,25,22,20,17,17,17,16,16,16,15,14,13,12,11,10,9,8,7,6,6,6,6,6,6,,26,10,10,10,10,10,10,9,9,9,8,8,8,7,7,7,7,6,6,6,6,5,5,5,5,5,5,4,4,4,3,3
27,33,31,30,29,27,26,24,22,19,17,15,15,15,15,14,14,14,13,12,12,11,10,9,7,6,5,5,5,5,6,6,,27,10,10,10,10,10,10,9,9,9,9,8,8,8,7,7,7,6,6,6,6,5,5,5,5,5,5,5,4,4,4,3
28,32,30,29,28,26,25,23,21,19,17,16,15,15,14,14,13,13,12,12,11,11,10,8,7,6,5,5,5,5,5,5,,28,9,9,9,9,9,8,8,8,8,8,8,8,8,7,7,7,6,6,6,6,5,5,5,5,5,5,5,4,4,4,3
29,52,50,48,46,45,43,38,33,28,23,18,17,16,15,13,12,12,12,11,11,10,9,8,7,6,5,5,5,5,5,5,,29,10,10,10,10,9,9,9,9,9,9,9,8,8,7,7,7,6,6,6,6,5,5,5,5,5,5,4,4,4,4,4
25-29,181,172,166,159,151,145,133,121,108,97,86,84,82,79,75,73,70,66,62,58,54,49,44,38,34,29,29,28,28,29,29,,25-29,50,50,50,50,49,48,46,45,44,43,41,40,38,35,35,34,30,30,30,30,26,25,25,25,25,25,22,20,19,18,16
30,49,48,47,46,45,44,39,34,29,24,20,18,16,15,13,12,11,11,11,10,10,9,8,8,7,6,6,5,5,4,4,,30,11,11,11,11,11,11,11,10,10,9,9,8,8,8,7,7,6,6,6,6,5,5,5,5,5,5,4,4,4,4,4
31,38,38,37,37,36,35,33,30,27,24,22,20,17,15,13,11,10,10,10,10,10,9,8,8,7,7,6,5,5,4,3,,31,7,7,7,7,8,8,8,8,8,9,9,8,8,8,7,7,6,6,6,6,5,5,5,5,5,4,4,4,4,4,4
32,41,40,40,39,39,38,35,32,29,26,23,20,18,15,13,10,10,10,10,9,9,9,8,8,8,7,6,5,5,4,3,,32,7,7,8,8,8,8,8,8,9,9,9,9,8,8,7,7,7,6,6,6,5,5,5,5,5,4,4,4,4,4,4
33,39,38,37,37,36,35,33,30,28,25,23,20,18,16,13,11,11,10,10,9,9,8,8,8,7,7,6,5,5,4,3,,33,11,12,12,12,13,13,12,11,11,10,9,9,8,8,7,7,7,6,6,6,5,5,5,5,5,4,4,4,4,4,4
34,36,35,34,33,32,31,29,27,25,23,21,20,18,16,14,12,11,11,10,9,8,8,8,7,7,7,6,5,5,4,3,,34,14,14,14,14,15,15,14,13,11,10,9,9,8,8,8,7,7,7,6,6,6,5,5,5,5,4,4,4,4,4,4
30-34,203,199,195,192,188,183,169,153,138,122,109,98,87,77,66,56,53,52,51,47,46,43,40,39,36,34,30,25,25,20,16,,30-34,50,51,52,52,55,55,53,50,49,47,45,43,40,40,36,35,33,31,30,30,26,25,25,25,25,21,20,20,20,20,20
35,61,58,54,51,47,44,39,34,30,25,21,19,18,16,15,14,12,11,10,9,8,7,7,7,7,6,6,5,5,4,4,,35,13,13,14,14,14,15,13,12,11,10,9,9,8,8,8,7,7,7,6,6,6,5,5,5,5,4,4,4,4,4,4
36,64,60,57,53,49,45,40,35,30,25,20,19,18,17,16,15,14,12,10,9,7,7,7,6,6,6,6,5,5,5,4,,36,6,7,7,7,7,7,7,8,8,9,9,9,9,8,8,8,7,7,6,6,6,5,5,5,5,5,4,4,4,4,4
37,65,61,57,53,49,45,40,35,30,25,20,19,18,18,17,16,14,12,11,9,7,7,7,6,6,6,6,5,5,5,4,,37,7,8,8,8,8,8,8,9,9,9,9,9,9,8,8,8,7,7,7,6,6,6,5,5,5,5,4,4,4,4,4
38,47,44,41,38,35,33,30,28,25,23,20,20,19,18,17,16,15,13,11,9,8,7,7,7,6,6,5,5,5,5,4,,38,4,5,5,5,5,5,6,6,7,8,9,9,8,8,8,8,7,7,7,6,6,6,5,5,5,5,4,4,4,4,4
39,37,35,33,31,28,26,25,24,24,23,22,21,19,18,17,16,15,13,12,10,9,8,8,7,6,6,5,5,5,5,4,,39,8,8,8,8,8,8,8,8,8,8,8,8,8,8,8,8,8,7,7,7,6,6,6,5,5,5,5,4,4,4,4
35-39,274,258,242,226,208,193,174,156,139,121,103,98,92,87,82,77,70,61,54,46,39,36,36,33,31,30,28,25,25,24,20,,35-39,38,41,42,42,42,43,42,43,43,44,44,44,42,40,40,39,36,35,33,31,30,28,26,25,25,24,21,20,20,20,20
40,24,24,24,24,24,24,24,23,23,23,23,21,20,19,17,16,15,14,12,11,10,9,8,7,6,5,5,5,5,4,4,,40,5,5,5,5,5,5,5,6,6,7,8,8,8,8,8,8,8,7,7,7,6,6,6,5,5,5,5,4,4,4,4
41,31,30,30,30,30,30,29,27,26,25,23,22,20,19,17,16,15,14,13,12,12,10,9,8,6,5,5,5,5,4,4,,41,7,7,7,7,7,7,7,7,7,7,7,7,7,8,8,8,8,8,7,7,7,6,6,6,5,5,5,5,4,4,4
42,23,23,23,23,23,23,23,24,24,25,25,23,22,20,18,16,15,15,14,13,13,11,10,8,7,5,5,5,5,4,4,,42,6,6,6,6,6,6,6,6,6,6,7,7,7,8,8,8,8,8,7,7,7,6,6,6,5,5,5,5,4,4,4
43,27,27,27,27,27,27,28,28,29,29,30,27,24,22,19,16,16,15,14,13,13,11,10,9,7,6,5,5,5,4,4,,43,9,9,9,9,9,8,8,8,8,7,7,7,7,7,8,8,8,8,7,7,7,7,6,6,6,5,5,5,5,4,4
44,21,21,21,21,22,22,24,27,30,33,35,32,28,25,21,17,16,15,14,13,12,11,10,9,8,7,6,6,5,4,4,,44,6,6,6,6,6,6,6,7,7,7,7,7,7,7,7,7,7,7,7,7,7,7,7,6,6,6,5,5,5,4,4
40-44,126,125,125,125,126,126,128,129,132,135,136,125,114,105,92,81,77,73,67,62,60,52,47,41,34,28,26,26,25,20,20,,40-44,33,33,33,33,33,32,32,34,34,34,36,36,36,38,39,39,39,38,35,35,34,32,31,29,27,26,25,24,22,20,20
45,17,20,23,25,28,31,33,35,37,39,41,36,32,27,22,18,17,16,14,13,12,11,10,9,8,7,7,6,5,4,4,,45,6,6,6,6,6,6,7,7,7,7,8,8,7,7,7,7,7,7,7,7,7,7,7,6,6,6,5,5,5,5,4
46,23,27,30,34,37,41,42,43,44,46,47,41,35,30,24,18,17,16,14,13,12,11,11,10,9,8,7,7,6,5,4,,46,10,10,10,10,10,10,10,9,9,9,8,8,8,7,7,6,7,7,7,7,7,7,7,7,6,6,6,5,5,5,4
47,16,19,22,24,27,30,33,37,41,45,48,42,37,31,25,19,18,16,15,13,12,11,11,10,10,9,8,7,6,5,4,,47,5,5,5,5,5,5,6,7,7,8,8,8,7,7,7,6,6,7,7,7,7,7,7,7,6,6,6,6,5,5,5
48,11,13,15,17,19,21,25,30,34,39,43,39,35,31,27,23,20,18,16,14,12,12,11,10,10,9,8,7,6,5,4,,48,7,7,7,7,7,7,7,7,7,8,8,8,7,7,7,6,6,7,7,7,7,7,7,7,7,6,6,6,5,5,5
49,9,10,12,13,15,17,20,23,27,30,33,32,31,29,28,27,24,21,18,15,12,12,11,10,9,9,8,7,6,5,4,,49,5,5,5,5,5,5,6,6,6,7,7,7,7,7,7,7,7,7,7,7,7,7,7,7,7,6,6,6,6,5,5
45-49,76,89,102,113,126,140,153,168,183,199,212,190,170,148,126,105,96,87,77,68,60,57,54,49,46,42,38,34,29,24,20,,45-49,33,33,33,33,33,33,36,36,36,39,39,39,36,35,35,32,33,35,35,35,35,35,35,34,32,30,29,28,26,25,23
50,8,9,9,9,10,10,13,16,19,22,25,26,27,28,29,30,27,23,20,16,13,12,11,10,9,8,8,7,6,6,5,,50,8,8,8,7,7,7,7,7,6,6,6,6,6,7,7,7,7,7,7,6,6,6,6,6,7,7,6,6,6,6,5
51,9,9,10,10,10,11,12,12,13,14,15,19,23,27,31,34,30,26,21,17,12,12,11,10,9,8,8,7,7,6,6,,51,6,6,6,6,6,6,5,5,5,5,5,6,6,7,7,8,7,7,6,6,6,6,6,6,7,7,6,6,6,6,5
52,10,11,11,11,12,12,11,11,10,9,8,14,19,25,30,36,31,27,22,18,14,13,11,10,9,8,8,7,7,7,6,,52,7,7,7,7,7,7,6,6,5,5,5,5,6,6,7,8,7,7,6,6,6,6,6,6,7,7,7,6,6,6,6
53,12,12,13,13,14,14,13,11,10,8,7,12,17,22,27,32,29,26,23,20,17,15,14,12,10,9,8,8,7,7,6,,53,9,9,8,8,8,8,7,7,6,5,5,5,6,6,7,7,7,7,6,6,6,6,6,6,6,7,6,6,6,6,6
54,9,9,9,9,10,10,10,9,9,9,8,12,15,19,22,25,24,24,23,22,21,19,16,14,12,10,9,8,8,7,6,,54,4,4,4,4,4,3,4,4,5,5,5,5,6,6,6,6,6,6,6,6,6,6,6,6,6,6,6,6,6,6,6
50-54,48,50,52,52,56,57,59,59,61,62,63,83,101,121,139,157,141,126,109,93,77,71,63,56,49,43,41,37,35,33,29,,50-54,34,34,33,32,32,31,29,29,27,26,26,27,30,32,34,36,34,34,31,30,30,30,30,30,33,34,31,30,30,30,28
55,18,17,16,16,15,15,14,13,12,11,10,11,13,15,17,19,20,21,23,24,25,22,19,16,13,10,9,9,8,7,7,,55,6,6,6,6,6,6,6,6,6,6,6,6,6,6,6,6,6,6,6,6,7,6,6,6,6,6,6,6,6,6,6
56,17,16,15,15,14,13,13,12,12,11,11,11,11,12,12,12,16,19,23,26,29,26,22,18,14,10,10,9,8,7,7,,56,12,12,12,11,11,11,10,9,8,7,6,6,6,5,5,5,5,6,6,7,7,7,6,6,6,5,6,6,6,6,6
57,13,13,12,11,11,10,11,11,11,11,11,11,10,9,8,8,12,17,22,26,31,27,23,19,16,12,11,10,9,8,7,,57,5,5,5,5,5,4,5,5,6,6,7,6,6,5,5,4,5,5,6,7,7,7,6,6,6,5,5,6,6,6,6
58,11,10,10,9,9,8,9,9,10,10,11,10,9,8,7,7,11,15,19,24,28,25,22,20,17,15,13,12,10,9,8,,58,5,5,5,5,4,4,5,5,6,6,7,6,6,5,5,4,5,5,6,6,7,7,6,6,6,5,6,6,6,6,6
59,11,10,10,9,9,8,9,9,9,9,10,9,9,8,8,8,11,13,16,19,22,21,20,20,19,18,16,14,12,10,8,,59,5,5,5,5,4,4,5,5,5,6,6,6,6,5,5,5,5,5,6,6,6,6,6,6,6,6,6,6,6,6,6
55-59,70,66,63,60,58,54,56,54,54,52,53,52,52,52,52,54,70,85,103,119,135,121,106,93,79,65,59,54,47,41,37,,55-59,33,33,33,32,30,29,31,30,31,31,32,30,30,26,26,24,26,27,30,32,34,33,30,30,30,27,29,30,30,30,30
60,13,13,13,13,13,13,12,11,11,10,9,9,9,9,8,8,10,12,13,15,16,17,18,19,20,21,19,16,14,11,9,,60,11,11,10,10,10,10,9,8,7,7,6,6,6,6,5,5,5,5,5,5,5,5,6,6,6,6,6,6,6,6,5
61,8,8,8,8,8,8,8,8,8,8,8,8,9,9,9,9,9,10,10,10,11,14,16,19,22,25,22,19,15,12,9,,61,9,9,9,9,8,8,8,7,7,6,6,6,6,6,6,6,6,5,5,5,4,5,5,6,6,7,6,6,6,5,5
62,6,6,6,6,6,6,6,7,7,7,8,8,9,9,9,10,9,8,8,7,6,10,14,18,22,26,23,20,17,13,10,,62,5,5,4,4,4,4,4,5,5,5,6,6,6,6,6,6,6,5,5,4,4,5,5,6,6,7,6,6,6,5,5
63,7,7,7,7,7,7,7,8,8,8,8,8,9,9,9,9,8,8,7,6,5,9,13,16,20,24,22,19,17,15,12,,63,8,8,8,7,7,7,7,7,7,6,6,6,6,6,6,6,6,5,5,4,4,5,5,5,6,6,6,6,5,5,5
64,7,7,7,7,7,7,7,8,8,9,9,9,9,9,8,8,8,7,7,7,7,9,11,14,16,19,18,17,17,16,15,,64,8,8,8,7,7,7,7,7,7,7,7,7,7,6,6,6,5,5,5,5,5,5,5,5,5,5,5,5,5,5,5
60-64,41,41,41,41,41,41,40,42,42,42,42,42,45,45,43,44,44,45,45,45,45,59,72,86,100,115,104,91,80,67,55,,60-64,41,41,39,37,36,36,35,34,33,31,31,31,31,30,29,29,28,25,25,23,22,25,26,28,29,31,29,29,28,26,25
65,8,9,9,9,10,10,10,10,10,10,10,9,9,8,8,7,7,7,7,7,7,8,10,11,13,14,15,16,16,17,18,,65,8,8,9,9,9,9,9,9,8,8,8,7,7,6,6,6,5,5,5,5,5,5,5,5,5,5,5,5,5,5,6
66,4,4,4,4,5,5,6,7,8,10,11,10,9,8,8,7,7,7,7,8,8,8,8,8,9,9,11,14,16,19,21,,66,1,1,1,1,1,1,3,4,6,7,9,8,7,7,6,5,5,5,5,5,5,5,5,5,4,4,4,5,5,6,6
67,7,7,8,8,9,9,9,10,10,11,11,10,9,8,7,7,7,7,7,8,8,7,7,6,6,5,9,12,15,19,22,,67,5,5,5,5,6,6,7,7,8,8,9,8,7,7,6,5,5,5,5,5,6,5,5,4,4,4,4,5,5,6,6
68,7,7,7,8,8,9,9,9,10,10,11,10,9,8,8,7,7,7,7,7,8,7,6,6,5,4,7,11,14,17,20,,68,9,9,10,10,10,10,10,10,9,9,9,8,7,7,6,6,6,6,6,5,5,5,5,4,4,4,4,4,5,5,6
69,10,11,11,12,12,13,12,12,11,10,10,9,9,8,8,7,7,7,7,7,7,6,6,6,5,5,7,9,11,13,15,,69,10,11,11,11,12,12,11,10,9,9,8,7,7,7,7,6,6,6,6,5,5,5,5,4,4,4,4,4,5,5,5
65-69,36,38,39,41,44,46,46,48,49,51,53,48,45,40,39,35,35,35,35,37,38,36,37,37,38,37,49,62,72,85,96,,65-69,33,34,36,36,38,38,40,40,40,41,43,38,35,34,31,28,27,27,27,25,26,25,25,22,21,21,21,23,25,27,29
70,7,7,7,7,7,7,7,8,8,9,9,9,8,8,8,8,7,7,7,6,6,6,6,6,6,5,7,8,9,11,12,,70,5,5,4,4,4,4,5,5,6,6,7,7,7,7,7,7,7,6,6,5,5,5,5,5,4,4,4,4,4,4,4
71,11,11,11,11,11,11,10,10,9,9,8,8,8,8,8,8,8,7,7,6,6,6,6,6,6,6,6,7,7,8,8,,71,5,5,5,5,5,5,5,5,6,6,6,6,7,7,7,7,7,6,6,5,5,5,5,5,5,4,4,4,4,4,4
72,5,5,5,5,5,5,5,6,6,7,7,7,8,8,8,8,8,7,6,6,5,5,5,6,6,6,6,6,6,5,5,,72,4,4,4,4,4,4,4,5,5,5,5,6,6,7,7,8,7,6,6,5,5,5,5,5,5,5,4,4,4,4,3
73,4,4,4,4,4,4,4,5,5,6,6,7,7,7,8,8,8,7,6,6,5,5,5,6,6,6,5,5,4,3,3,,73,7,7,7,7,7,7,6,6,6,5,5,5,6,7,7,8,7,7,6,5,5,5,5,5,5,5,4,4,4,3,3
74,7,7,6,6,6,6,6,6,6,5,5,6,6,7,8,8,8,7,6,6,5,5,5,6,6,6,5,4,3,2,1,,74,7,7,7,6,6,6,6,5,5,5,4,5,6,6,7,7,7,6,6,5,5,5,5,5,5,5,4,4,4,3,3
70-74,34,34,33,33,33,33,32,35,34,36,35,37,37,38,40,40,39,35,32,30,27,27,27,30,30,29,29,30,29,29,29,,70-74,28,28,27,26,26,26,26,26,28,27,27,29,32,34,35,37,35,31,30,25,25,25,25,25,24,23,20,20,20,18,17
75,7,7,7,7,6,6,6,5,5,5,4,5,6,6,7,8,7,7,6,6,5,5,5,6,6,6,5,4,2,1,0,,75,6,6,6,5,5,5,5,5,5,4,4,5,5,6,6,7,7,6,6,6,5,5,5,5,5,5,4,4,4,3,3
76,2,2,2,2,2,2,2,2,3,3,3,4,5,5,6,7,7,6,6,6,5,5,5,5,5,5,4,3,2,1,0,,76,3,3,3,3,3,3,3,3,3,4,4,4,5,5,6,6,6,6,6,6,5,5,5,5,5,5,4,4,4,3,3
77,1,1,1,1,1,1,1,2,2,2,3,3,4,4,5,6,6,6,6,6,6,6,5,5,5,5,4,4,3,3,2,,77,8,8,8,8,8,8,7,7,6,5,4,4,5,5,5,5,5,5,6,6,6,6,5,5,5,4,4,4,4,4,4
78,2,2,2,2,2,3,2,2,2,2,2,2,3,3,4,4,4,5,5,6,6,6,5,4,4,3,4,4,5,6,6,,78,5,5,5,5,5,5,5,5,5,5,5,4,4,4,4,3,4,5,5,6,7,6,5,5,4,4,4,4,4,4,4
79,2,2,2,2,2,2,2,2,2,2,1,2,2,2,2,2,3,4,5,6,7,6,5,4,2,1,3,5,8,10,12,,79,1,1,1,1,1,1,2,3,4,5,6,5,4,3,2,1,3,4,5,6,7,7,6,5,4,3,3,4,4,5,5
75-79,14,14,14,14,13,14,13,13,14,14,13,16,20,20,24,27,27,28,28,30,29,28,25,24,22,20,20,20,20,21,20,,75-79,23,23,23,22,22,22,22,23,23,23,23,22,23,23,23,22,25,26,28,30,30,29,26,25,23,21,19,20,20,19,19
80+,23,23,22,22,22,21,21,21,21,21,21,21,20,20,19,19,20,21,22,23,24,25,26,27,28,30,29,29,28,28,27,,80+,29,29,28,28,28,27,27,27,27,27,26,28,30,31,33,34,35,36,37,38,39,40,41,42,43,45,44,43,42,41,41
,,,,,,,,,,,,,,,,,,,,,,,,,,,,,,,,,,,,,,,,,,,,,,,,,,,,,,,,,,,,,,,,
INICIO,Población Femenina,,,,,,,,,,,,,,,,,,,,,,,,,,,,,,,,INICIO,,,,,,,,,,,,,,,,,,,,,,,,,,,,,,,
GENERAL LAGOS,POBLACIÓN MASCULINA POR AÑOS; SEGÚN EDAD SIMPLE. 1990-2020,,,,,,,,,,,,,,,,,,,,,,,,,,,,,,,,GENERAL LAGOS,POBLACIÓN FEMENINA POR AÑOS; SEGÚN EDAD SIMPLE. 1990-2020,,,,,,,,,,,,,,,,,,,,,,,,,,,,,,
,,,,,,,,,,,,,,,,,,,,,,,,,,,,,,,,,,,,,,,,,,,,,,,,,,,,,,,,,,,,,,,,
EDAD,1990,1991,1992,1993,1994,1995,1996,1997,1998,1999,2000,2001,2002,2003,2004,2005,2006,2007,2008,2009,2010,2011,2012,2013,2014,2015,2016,2017,2018,2019,2020,,EDAD,1990,1991,1992,1993,1994,1995,1996,1997,1998,1999,2000,2001,2002,2003,2004,2005,2006,2007,2008,2009,2010,2011,2012,2013,2014,2015,2016,2017,2018,2019,2020
,,,,,,,,,,,,,,,,,,,,,,,,,,,,,,,,,,,,,,,,,,,,,,,,,,,,,,,,,,,,,,,,
HOMBRES,534,550,575,590,618,637,664,691,719,742,766,782,797,810,830,849,856,866,876,888,896,898,905,904,909,913,907,900,904,890,884,,MUJERES,468,462,457,454,454,444,436,436,430,424,430,420,407,397,391,385,376,368,359,354,349,330,318,316,308,300,292,286,278,269,258
,,,,,,,,,,,,,,,,,,,,,,,,,,,,,,,,,,,,,,,,,,,,,,,,,,,,,,,,,,,,,,,,
0,11,11,11,10,10,9,8,7,6,5,4,5,6,7,8,10,9,8,7,7,6,6,5,5,5,5,4,4,4,3,3,,0,10,10,10,9,9,8,9,10,11,11,12,11,10,8,7,6,6,6,6,6,6,5,5,5,4,4,4,4,3,3,3
1,15,15,14,14,13,13,12,11,10,9,8,8,8,8,8,8,7,7,7,6,6,6,5,5,5,5,4,4,4,4,3,,1,15,15,14,14,13,13,12,12,11,11,10,10,9,8,7,7,6,6,6,6,6,5,5,5,5,4,4,4,4,3,3
2,6,6,6,6,5,5,6,7,8,9,11,10,9,8,7,6,6,6,6,6,6,5,5,5,5,4,4,4,4,4,4,,2,9,9,8,8,8,8,8,8,8,9,9,9,8,8,8,7,7,7,6,6,6,5,5,5,5,4,4,4,4,4,4
3,13,12,12,12,12,11,12,12,12,12,12,11,10,8,7,6,6,6,6,6,6,5,5,5,5,4,4,4,4,4,4,,3,15,14,14,14,13,13,12,11,10,9,8,8,8,8,8,8,7,7,6,6,6,5,5,5,5,4,4,4,4,4,4
4,7,7,7,7,6,6,8,9,10,11,13,11,10,8,7,6,6,5,5,5,5,5,5,5,4,4,4,4,4,4,3,,4,8,8,7,7,7,7,7,7,7,8,8,8,8,8,8,8,8,7,7,6,6,5,5,5,5,5,4,4,4,4,4
0- 4,52,51,50,49,46,44,46,46,46,46,48,45,43,39,37,36,34,32,31,30,29,27,25,25,24,22,20,20,20,19,17,,0- 4,57,56,53,52,50,49,48,48,47,48,47,46,43,40,38,36,34,33,31,30,30,25,25,25,24,21,20,20,19,18,18
5,11,11,11,11,11,11,11,12,12,13,13,12,10,9,7,6,6,6,5,5,5,5,5,5,4,4,4,4,4,3,3,,5,13,12,12,12,12,11,11,10,9,8,8,8,8,8,8,8,8,7,7,6,6,5,5,5,5,5,4,4,4,4,3
6,10,10,10,10,10,10,10,11,11,12,12,11,10,9,7,6,6,6,6,5,5,5,5,4,4,4,4,4,3,3,3,,6,14,14,14,13,13,13,12,11,10,9,8,8,8,8,8,8,7,7,6,6,6,5,5,5,5,4,4,4,4,4,3
7,10,10,10,10,10,10,10,10,11,11,11,10,9,9,8,7,6,6,6,5,5,5,5,4,4,4,4,4,4,3,3,,7,8,7,7,7,7,7,7,7,7,7,8,8,8,8,8,8,7,7,6,6,6,5,5,5,5,4,4,4,4,4,3
8,16,16,16,16,16,16,15,13,12,11,10,9,9,8,8,8,7,7,6,6,5,5,5,5,4,4,4,4,4,3,3,,8,15,15,14,14,14,13,12,11,10,9,8,8,8,7,7,7,7,7,6,6,6,5,5,5,5,4,4,4,4,4,3
9,16,16,16,16,16,17,15,13,12,10,8,8,8,8,8,9,8,7,7,6,5,5,5,5,4,4,4,4,4,3,3,,9,9,9,9,8,8,8,8,8,8,8,8,8,7,7,7,7,7,6,6,6,6,5,5,5,5,4,4,4,4,4,3
5-9,63,63,63,63,63,64,61,59,58,57,54,50,46,43,38,36,33,32,30,27,25,25,25,23,20,20,20,20,19,15,15,,5-9,59,57,56,54,54,52,50,47,44,41,40,40,39,38,38,38,36,34,31,30,30,25,25,25,25,21,20,20,20,20,15
10,6,6,6,6,5,5,5,6,6,6,6,7,8,8,9,10,9,8,7,6,5,5,5,5,5,4,4,4,4,4,3,,10,12,11,11,11,11,11,10,10,9,9,8,8,7,7,7,6,6,6,6,6,6,5,5,5,4,4,4,4,4,3,3
11,12,12,11,11,10,10,9,8,6,5,4,6,7,8,10,11,10,9,8,7,5,5,5,5,5,5,4,4,4,4,4,,11,11,11,11,11,11,10,10,10,9,9,9,8,7,7,6,6,6,6,6,6,6,5,5,5,4,4,4,4,4,3,3
12,14,13,13,12,12,12,10,8,7,5,4,5,7,9,10,12,11,10,8,7,6,6,6,5,5,5,5,5,4,4,4,,12,8,8,8,8,8,8,8,8,8,8,9,8,7,7,6,5,5,5,5,5,6,5,5,5,4,4,4,4,3,3,3
13,14,13,13,12,12,11,10,9,8,7,6,7,8,9,10,11,10,10,9,8,7,7,7,6,6,5,5,5,5,4,4,,13,10,10,10,9,9,9,9,9,8,8,8,7,7,6,6,5,5,5,5,5,5,5,5,4,4,4,4,3,3,3,3
14,5,5,4,4,4,4,5,7,8,10,11,11,10,10,9,9,9,9,9,9,9,9,8,7,7,6,6,5,5,5,5,,14,9,9,8,8,8,8,7,7,7,7,7,7,6,6,6,5,5,5,5,5,5,4,4,4,4,4,4,3,3,3,3
10-14,51,49,47,45,43,42,39,38,35,33,31,36,40,44,48,53,49,46,41,37,32,32,31,28,28,25,24,23,22,21,20,,10-14,50,49,48,47,47,46,44,44,41,41,41,38,34,33,31,27,27,27,27,27,28,24,24,23,20,20,20,18,17,15,15
15,4,5,6,6,7,8,9,11,12,14,15,14,12,10,9,7,8,9,10,11,11,10,9,8,7,6,6,6,6,5,5,,15,6,6,6,5,5,4,5,5,5,6,6,6,6,6,6,5,5,5,5,4,4,4,4,4,4,4,3,3,3,3,3
16,10,11,13,14,15,16,17,18,18,19,20,17,14,11,8,5,7,8,10,12,14,12,11,10,8,7,6,6,6,6,6,,16,3,3,3,2,2,2,2,3,4,4,5,5,5,5,5,6,5,5,4,4,4,4,4,4,4,4,3,3,3,3,3
17,8,9,10,10,11,12,14,16,18,21,23,19,16,12,9,5,7,9,11,13,15,13,12,11,9,8,7,7,7,6,6,,17,8,7,7,6,5,5,4,4,4,4,4,5,5,5,5,6,5,5,4,4,3,3,3,3,3,4,3,3,3,3,2
18,3,3,4,4,5,5,9,12,16,19,23,20,17,14,12,9,10,11,12,13,14,13,12,11,10,9,9,8,8,7,7,,18,9,8,7,7,6,5,5,5,5,4,4,4,5,5,5,5,5,4,4,4,3,3,3,3,3,3,3,3,3,3,2
19,4,5,6,7,8,9,12,14,17,19,22,20,19,17,16,15,14,13,13,12,11,11,11,12,12,12,11,10,9,8,7,,19,12,11,10,10,9,8,7,7,6,5,5,5,5,5,5,5,4,4,4,4,4,3,3,3,3,3,3,3,3,3,2
15-19,29,33,39,41,46,50,61,71,81,92,103,90,78,64,54,41,46,50,56,61,65,59,55,52,46,42,39,37,36,32,31,,15-19,38,35,33,30,27,24,23,24,24,23,24,25,26,26,26,27,24,23,21,20,18,17,17,17,17,18,15,15,15,15,12
20,6,7,8,9,10,11,13,15,17,18,20,20,20,20,20,20,18,16,13,11,9,10,11,12,13,14,13,12,10,9,8,,20,3,3,3,3,3,2,3,3,4,4,5,5,5,4,4,4,4,4,4,4,4,4,3,3,3,3,3,3,3,3,3
21,7,8,9,10,11,12,14,15,17,18,19,21,22,23,24,25,22,18,14,10,6,8,10,13,15,17,15,13,12,10,8,,21,12,12,11,11,11,10,9,8,7,6,5,5,5,4,4,3,4,4,4,4,4,4,3,3,3,2,3,3,3,3,3
22,5,6,7,7,8,9,11,13,14,16,18,20,22,25,27,29,24,20,15,11,6,9,11,13,16,18,16,15,13,11,9,,22,9,9,9,8,8,8,7,7,7,6,6,5,5,4,4,3,3,4,4,4,4,4,3,3,3,2,2,2,2,3,3
23,7,8,9,10,12,13,13,14,15,16,16,19,22,24,27,29,26,22,18,15,11,12,13,14,16,17,16,15,14,12,11,,23,4,4,4,4,4,3,4,4,5,5,6,5,5,4,4,3,3,4,4,4,4,4,3,3,3,2,2,2,2,2,2
24,8,9,11,12,13,14,14,14,15,15,15,17,20,22,25,27,26,24,22,20,18,17,17,16,15,14,14,14,14,14,14,,24,6,6,6,5,5,5,5,5,5,5,6,5,5,4,4,4,4,4,4,4,4,3,3,3,3,3,3,3,2,2,2
20-24,33,38,44,48,54,59,65,71,78,83,88,97,106,114,123,130,116,100,82,67,50,56,62,68,75,80,74,69,63,56,50,,20-24,34,34,33,31,31,28,28,27,28,26,28,25,25,20,20,17,18,20,20,20,20,19,15,15,15,12,13,13,12,13,13
25,9,9,9,10,10,10,11,12,12,13,13,16,18,21,23,26,26,25,25,25,25,22,20,17,14,12,13,14,15,16,17,,25,4,4,4,5,5,5,5,5,5,5,5,5,5,5,4,4,4,4,4,3,3,3,3,3,3,3,3,3,2,2,2
26,7,7,7,7,7,7,8,9,10,11,11,14,17,19,22,24,26,27,29,30,32,27,22,18,13,8,11,13,15,18,20,,26,8,8,9,9,9,9,8,8,7,6,5,5,5,5,5,5,4,4,4,3,3,3,3,3,3,3,3,3,3,2,2
27,10,10,10,10,11,11,11,11,11,10,10,13,15,17,20,22,25,28,30,33,36,30,25,19,14,8,11,13,16,18,21,,27,1,1,1,1,1,1,2,3,4,5,5,5,5,5,5,5,4,4,4,3,3,3,3,3,3,3,3,3,3,2,2
28,12,12,12,13,13,13,13,12,12,11,10,12,14,16,18,20,23,26,29,32,35,31,26,21,17,12,14,15,16,18,19,,28,6,6,6,6,6,7,6,6,6,6,6,6,5,5,5,5,5,4,4,3,3,3,3,3,3,3,3,3,3,2,2
29,12,13,13,14,14,15,14,14,13,12,11,13,14,15,16,18,20,23,26,29,31,29,26,24,21,19,18,18,17,16,16,,29,6,6,6,6,6,7,6,6,6,6,6,6,6,5,5,5,5,4,4,4,3,3,3,3,3,3,3,3,3,3,2
25-29,50,51,51,54,55,56,57,58,58,57,55,68,78,88,99,110,120,129,139,149,159,139,119,99,79,59,67,73,79,86,93,,25-29,25,25,26,27,27,29,27,28,28,28,27,27,26,25,24,24,22,20,20,16,15,15,15,15,15,15,15,15,14,11,10
30,8,8,9,9,10,10,11,11,12,12,12,13,13,14,15,15,18,20,23,25,28,27,27,26,26,25,22,20,18,15,13,,30,8,8,9,9,9,9,8,8,7,7,7,6,6,6,5,5,5,4,4,4,4,4,3,3,3,3,3,3,3,3,3
31,8,8,9,9,10,10,11,11,12,13,13,13,13,13,12,12,15,17,20,22,25,26,27,29,30,31,27,22,18,13,9,,31,6,6,6,7,7,7,7,7,7,7,7,7,6,6,5,5,5,5,4,4,4,4,4,3,3,3,3,3,3,3,3
32,14,15,16,17,18,19,18,17,16,15,14,13,12,12,11,10,13,15,17,19,21,24,27,29,32,35,29,24,18,13,7,,32,5,6,6,6,6,6,6,7,7,7,7,7,6,6,5,5,5,5,5,5,4,4,4,3,3,3,3,3,3,3,3
33,10,10,11,12,13,13,13,13,13,13,13,12,12,11,11,10,12,14,15,17,19,22,25,28,31,34,29,24,20,15,10,,33,8,8,8,8,9,9,8,8,8,7,7,7,6,6,6,5,5,5,5,5,5,4,4,3,3,3,3,3,3,3,3
34,10,11,11,12,13,13,13,13,12,12,11,11,11,11,11,11,12,13,14,15,17,19,22,24,27,29,27,24,21,19,16,,34,8,8,8,8,9,9,8,8,7,7,6,6,6,6,6,6,5,5,5,5,4,4,4,4,3,3,3,3,3,3,3
30-34,50,52,56,59,64,65,66,65,65,65,63,62,61,61,60,58,70,79,89,98,110,118,128,136,146,154,134,114,95,75,55,,30-34,35,36,37,38,40,40,37,38,36,35,34,33,30,30,27,26,25,24,23,23,21,20,19,16,15,15,15,15,15,15,15
35,4,4,4,4,4,4,6,7,8,9,10,11,11,11,11,12,12,13,13,14,14,16,19,21,23,25,25,24,23,22,21,,35,5,5,5,5,5,5,5,5,5,6,6,6,6,6,6,6,6,5,5,5,4,4,4,4,4,3,3,3,3,3,3
36,6,6,6,6,6,6,7,7,8,8,9,10,10,11,12,13,12,12,12,12,11,13,15,17,19,21,22,23,24,25,26,,36,6,6,6,6,6,6,6,6,6,5,5,5,6,6,6,6,6,5,5,5,4,4,4,4,4,4,3,3,3,3,2
37,14,14,14,14,15,15,13,12,11,9,8,9,10,11,12,13,12,12,11,10,9,11,13,14,16,18,20,22,25,27,29,,37,6,6,6,6,6,6,6,5,5,5,5,5,5,6,6,6,6,6,5,5,4,4,4,4,4,4,4,3,3,3,2
38,8,8,8,8,8,8,8,8,9,9,9,9,10,11,11,12,11,11,10,10,9,10,12,13,14,15,18,20,23,25,28,,38,4,4,4,4,4,4,4,4,4,5,5,5,5,5,6,6,6,5,5,5,5,4,4,4,4,4,4,3,3,3,2
39,10,10,10,10,11,11,11,11,10,10,10,10,10,10,11,11,10,10,10,10,10,10,11,12,13,14,16,18,20,22,24,,39,6,6,6,6,6,6,6,5,5,5,5,5,5,5,5,5,5,5,5,5,5,5,4,4,4,4,4,3,3,3,3
35-39,42,42,42,42,44,44,45,45,46,45,46,49,51,54,57,61,57,58,56,56,53,60,70,77,85,93,101,107,115,121,128,,35-39,27,27,27,27,27,27,27,25,25,26,26,26,27,28,29,29,29,26,25,25,22,21,20,20,20,19,18,15,15,15,12
40,6,6,7,7,7,8,9,9,10,11,12,11,11,10,10,9,9,10,10,10,10,10,11,11,11,12,13,15,17,19,20,,40,7,7,7,7,7,7,7,6,6,5,5,5,5,5,5,5,5,5,5,5,5,5,4,4,4,4,3,3,3,3,3
41,6,7,7,7,8,8,9,10,11,12,13,12,11,10,9,8,8,9,10,10,11,11,10,10,10,9,11,12,14,15,17,,41,3,3,3,3,3,3,3,4,4,5,5,5,5,5,4,4,4,5,5,5,5,5,4,4,4,4,3,3,3,3,3
42,4,4,5,5,5,6,7,9,10,12,13,12,11,10,8,7,8,9,10,11,11,11,10,9,9,8,9,10,11,13,14,,42,5,5,5,5,5,4,5,5,5,5,5,5,5,4,4,4,4,4,5,5,5,5,4,4,4,4,3,3,3,3,3
43,8,8,9,9,10,10,11,11,11,12,12,11,10,10,9,8,8,9,9,10,11,10,9,9,8,8,8,9,10,11,12,,43,3,3,3,3,3,3,3,4,4,4,5,5,5,4,4,4,4,4,4,5,5,5,4,4,4,4,4,4,3,3,3
44,9,10,11,11,12,13,12,12,11,10,10,10,10,9,9,9,9,9,9,9,9,9,9,8,8,8,9,9,10,10,11,,44,8,8,8,8,8,8,7,6,6,5,5,4,4,4,4,4,4,4,4,4,5,4,4,4,4,4,4,4,4,3,3
40-44,33,35,39,39,42,45,48,51,53,57,60,56,53,49,45,41,42,46,48,50,52,51,49,47,46,45,50,55,62,68,74,,40-44,26,26,26,26,26,25,25,25,25,24,25,24,24,22,21,21,21,22,23,24,25,24,20,20,20,20,17,17,16,15,15
45,10,9,9,9,9,9,9,8,8,8,8,8,9,9,10,11,10,10,9,8,8,8,8,8,8,9,9,9,9,9,9,,45,5,5,5,4,4,4,4,4,4,4,4,4,4,4,4,4,4,4,4,4,4,4,4,4,4,4,4,4,4,3,3
46,8,7,7,7,7,7,7,6,6,6,5,7,8,9,11,12,11,10,9,8,7,7,8,8,9,9,9,9,8,8,7,,46,5,5,4,4,4,4,4,4,4,4,4,4,4,4,5,5,4,4,4,4,4,4,4,4,4,5,4,4,4,3,3
47,5,5,5,5,5,5,4,4,4,4,4,6,7,9,11,13,11,10,9,8,6,7,8,8,9,10,9,9,8,7,6,,47,7,6,6,6,6,5,5,5,4,4,4,4,4,4,5,5,5,4,4,4,4,4,4,4,4,5,4,4,4,4,3
48,2,2,2,2,2,2,2,3,3,4,4,6,7,9,10,12,11,10,9,8,7,8,8,9,9,9,9,8,8,7,7,,48,10,10,9,9,8,8,7,6,5,5,4,4,4,4,4,5,4,4,4,4,4,4,4,4,4,5,4,4,4,4,3
49,4,4,4,4,4,4,4,5,5,5,6,6,7,8,9,10,9,9,9,9,9,9,9,9,9,9,8,8,8,8,8,,49,8,8,7,7,7,6,6,5,5,5,4,4,4,4,4,4,4,4,4,4,4,4,4,4,4,4,4,4,4,4,4
45-49,29,27,27,27,27,27,26,26,26,27,27,33,38,44,51,58,52,49,45,41,37,39,41,42,44,46,44,43,41,39,37,,45-49,35,34,31,30,29,27,26,24,22,22,20,20,20,20,22,23,21,20,20,20,20,20,20,20,20,23,20,20,20,18,16
50,3,3,4,4,4,5,5,5,6,6,7,7,7,7,8,8,8,9,10,10,11,11,10,9,8,8,8,8,8,8,8,,50,4,4,4,4,5,5,5,5,5,5,5,5,4,4,4,4,4,4,4,4,4,4,4,4,4,4,4,4,4,4,4
51,2,2,3,3,3,3,4,5,6,7,8,7,7,7,6,6,7,9,10,12,13,12,11,9,8,7,7,8,9,9,10,,51,3,3,4,4,4,4,4,5,5,5,5,5,4,4,4,4,4,4,4,4,4,4,4,4,4,3,4,4,4,4,4
52,6,7,8,9,10,10,10,10,9,9,9,8,7,6,6,5,7,9,10,12,14,13,11,10,8,7,8,8,9,10,10,,52,4,4,5,5,5,6,6,6,6,5,5,5,5,4,4,3,4,4,4,4,4,4,4,4,3,3,3,4,4,4,4
53,4,4,5,5,6,6,7,7,8,8,9,8,7,7,6,5,7,8,10,12,13,12,11,10,9,9,9,9,10,10,10,,53,3,3,3,4,4,4,4,5,5,5,6,5,5,4,4,4,4,4,4,4,4,4,4,4,3,3,3,4,4,4,4
54,4,4,5,5,6,6,7,7,8,8,9,8,8,8,7,7,8,8,9,10,11,11,11,11,11,11,11,10,10,10,10,,54,2,2,2,2,3,3,3,4,4,5,6,5,5,5,4,4,4,4,4,4,4,4,4,4,4,3,4,4,4,4,4
50-54,19,20,25,26,29,30,33,34,37,38,42,38,36,35,33,31,37,43,49,56,62,59,54,49,44,42,43,43,46,47,48,,50-54,16,16,18,19,21,22,22,25,25,25,27,25,23,21,20,19,20,20,20,20,20,20,20,20,18,16,18,20,20,20,20
55,5,5,6,6,6,6,7,7,8,8,9,9,9,8,8,8,8,8,9,9,9,10,11,12,12,13,12,11,11,10,9,,55,3,3,3,4,4,4,4,5,5,5,6,5,5,5,5,4,4,4,4,4,4,4,4,4,4,4,4,4,4,3,3
56,7,7,7,8,8,8,8,8,9,9,9,9,9,9,9,9,9,8,8,7,7,9,10,12,14,16,14,13,11,10,8,,56,1,1,1,1,1,1,2,3,4,5,6,6,5,5,5,5,4,4,4,3,3,3,3,4,4,4,4,4,3,3,3
57,2,2,2,2,2,2,4,5,6,8,9,9,9,10,10,10,9,8,8,7,6,8,10,12,15,17,15,13,12,10,8,,57,3,3,3,4,4,4,4,5,5,5,6,6,5,5,5,5,5,4,4,3,3,3,3,4,4,4,4,4,3,3,3
58,6,6,6,6,7,7,7,7,8,8,8,9,9,10,10,10,10,9,8,7,6,8,10,12,14,15,14,13,12,11,10,,58,6,6,7,7,7,7,7,7,6,6,5,5,5,5,5,5,5,4,4,4,3,3,3,4,4,4,4,3,3,3,3
59,7,7,7,7,8,8,8,8,8,7,7,8,8,9,10,10,10,9,9,8,8,9,10,11,12,13,13,13,13,12,12,,59,2,2,2,2,2,3,3,3,4,4,5,5,5,5,5,5,5,5,4,4,4,4,4,4,3,3,3,3,3,3,3
55-59,27,27,28,29,31,31,34,35,39,40,42,44,44,46,47,47,46,42,42,38,36,44,51,59,67,74,68,63,59,53,47,,55-59,15,15,16,18,18,19,20,23,24,25,28,27,25,25,25,24,23,21,20,18,17,17,17,20,19,19,19,18,16,15,15
60,5,6,7,7,8,9,8,8,7,7,7,7,8,9,9,10,10,10,9,9,9,9,10,10,10,10,11,12,13,14,15,,60,2,3,3,3,3,3,3,3,3,4,4,4,4,5,5,5,5,5,4,4,4,4,4,3,3,3,3,3,3,3,3
61,2,2,2,3,3,3,3,4,4,5,6,6,7,8,9,10,10,10,10,10,10,10,9,9,8,8,10,12,13,15,17,,61,4,4,4,4,4,4,4,4,4,3,3,4,4,4,5,5,5,5,5,4,4,4,4,3,3,3,3,3,3,3,4
62,2,2,2,2,2,2,3,3,4,4,5,6,7,8,9,10,10,10,10,11,11,10,9,8,7,6,9,11,13,16,18,,62,2,2,2,2,2,2,2,2,2,2,3,3,4,4,5,5,5,5,5,5,4,4,4,3,3,3,3,3,3,3,4
63,3,3,3,3,4,4,4,4,5,5,5,6,7,7,8,9,9,10,10,11,11,10,9,8,8,7,9,11,13,15,17,,63,3,3,3,3,3,3,3,3,3,3,3,3,3,4,4,5,5,5,5,5,5,4,4,4,3,3,3,3,3,3,3
64,2,2,2,2,2,3,3,4,5,5,6,6,7,7,8,8,9,9,10,10,11,10,10,9,9,8,9,11,12,13,14,,64,3,3,3,3,3,3,3,3,3,3,3,3,3,4,4,4,4,4,4,5,5,4,4,4,4,3,3,3,3,3,3
60-64,14,15,16,17,19,21,21,23,25,26,29,31,36,39,43,47,48,49,49,51,52,49,47,44,42,39,48,57,64,73,81,,60-64,14,15,15,15,15,15,15,15,15,15,16,17,18,21,23,24,24,24,23,23,22,20,20,17,16,15,15,15,15,15,17
65,4,4,4,4,4,4,5,5,6,6,6,7,7,7,7,7,8,8,9,10,11,10,10,10,10,10,10,10,11,11,11,,65,4,4,4,4,4,4,4,4,3,3,3,3,3,3,3,4,4,4,4,5,5,5,4,4,4,4,3,3,3,3,3
66,4,4,4,4,4,5,5,6,6,7,7,7,7,6,6,6,7,8,9,10,11,11,11,11,11,11,10,10,9,9,8,,66,3,3,3,3,3,3,3,3,3,3,3,3,3,3,3,3,3,4,4,4,5,5,4,4,4,4,4,3,3,3,3
67,4,5,5,5,5,5,6,6,6,7,7,7,6,6,6,5,6,7,8,9,10,10,11,11,11,12,11,10,9,8,7,,67,4,4,4,4,4,4,4,4,4,3,3,3,3,3,3,2,3,3,4,4,5,5,4,4,4,4,4,3,3,3,3
68,11,12,12,13,13,14,12,11,10,8,7,6,6,6,6,5,6,7,8,9,9,10,10,11,11,12,11,10,9,8,7,,68,4,4,4,4,4,4,4,4,4,3,3,3,3,3,2,2,3,3,3,4,4,4,4,4,4,4,4,4,3,3,3
69,1,1,1,1,1,1,2,3,4,5,5,6,6,6,6,6,6,7,7,8,8,9,9,10,11,11,11,10,10,9,8,,69,0,0,0,0,0,0,1,1,2,2,3,3,3,3,2,2,3,3,3,3,4,4,4,4,4,4,4,4,3,3,3
65-69,24,26,26,27,27,29,30,31,32,33,32,33,32,31,31,29,33,37,41,46,49,50,51,53,54,56,53,50,48,45,41,,65-69,15,15,15,15,15,15,16,16,16,14,15,15,15,15,13,13,16,17,18,20,23,23,20,20,20,20,19,17,15,15,15
70,4,4,4,4,4,4,4,4,5,5,5,5,5,6,6,6,7,7,7,7,7,8,9,9,10,11,11,10,10,10,10,,70,1,1,1,1,1,1,1,1,2,2,2,2,2,2,3,3,3,3,3,3,3,3,4,4,4,4,4,4,4,3,3
71,3,3,3,3,4,4,4,4,4,4,4,4,5,5,6,7,7,6,6,6,6,7,8,9,10,10,10,10,10,10,10,,71,5,5,4,4,4,4,4,3,3,2,2,2,2,2,2,3,3,3,3,3,3,3,3,4,4,4,4,4,4,3,3
72,3,3,3,3,3,3,3,3,3,3,3,4,5,5,6,7,6,6,6,6,6,7,7,8,9,10,10,10,11,11,11,,72,4,4,4,4,4,3,3,3,3,2,2,2,2,2,2,3,3,2,2,2,2,3,3,3,4,4,4,4,4,4,3
73,1,1,1,1,1,1,1,2,2,2,3,3,4,5,6,7,6,6,6,5,5,6,7,8,8,9,10,10,11,11,12,,73,2,2,2,2,2,2,2,2,2,2,2,2,2,2,2,3,2,2,2,2,2,2,3,3,3,4,4,4,4,4,4
74,1,1,1,1,1,1,1,2,2,2,2,3,4,5,6,6,6,6,5,5,5,5,6,7,8,8,9,10,11,11,12,,74,1,1,1,1,1,1,1,1,1,2,2,2,2,2,2,3,2,2,2,2,2,2,2,3,3,3,4,4,4,4,4
70-74,12,12,12,12,13,13,13,15,16,16,17,19,23,26,30,33,32,31,30,29,29,33,37,41,45,48,50,50,53,53,55,,70-74,13,13,12,12,12,11,11,10,11,10,10,10,10,10,11,15,13,12,12,12,12,13,15,17,18,19,20,20,20,18,17
75,0,0,0,0,0,0,0,1,1,2,2,3,4,4,5,6,6,5,5,5,5,5,6,6,7,8,8,9,10,11,12,,75,1,1,1,2,2,2,2,2,2,2,2,2,2,2,2,2,2,2,2,2,2,2,2,2,3,3,3,3,3,4,4
76,0,0,0,0,0,0,0,1,1,2,2,3,3,4,4,5,5,5,5,5,5,5,6,6,6,7,8,8,9,10,11,,76,1,1,1,2,2,2,2,2,2,2,2,2,2,2,2,2,2,2,2,2,2,2,2,2,2,3,3,3,3,3,4
77,1,2,2,3,4,4,4,4,4,3,3,3,3,3,3,4,4,4,5,5,6,6,6,6,6,6,7,7,8,9,10,,77,0,0,0,0,0,0,0,1,1,2,2,2,2,2,2,2,2,2,2,2,2,2,2,2,2,2,2,3,3,3,3
78,0,0,0,0,0,0,1,2,2,3,4,4,3,3,2,2,3,4,5,6,7,6,6,5,5,5,5,6,7,7,8,,78,2,2,3,3,4,4,4,3,3,3,3,2,2,2,2,1,1,2,2,2,2,2,2,2,2,1,2,2,2,3,3
79,1,2,2,3,4,5,5,5,5,5,5,4,3,2,1,0,2,3,5,7,8,7,6,5,4,3,4,4,5,5,5,,79,0,0,0,0,0,0,1,1,2,3,3,3,2,2,1,0,1,2,2,3,3,3,2,2,1,1,1,1,2,2,3
75-79,2,4,4,6,8,9,10,13,13,15,16,17,16,16,15,17,20,21,25,28,31,29,30,28,28,29,32,34,39,42,46,,75-79,4,4,5,7,8,8,9,9,10,12,12,11,10,10,9,7,8,10,10,11,11,11,10,10,10,10,11,12,13,15,17
80+,4,5,6,6,7,8,9,10,11,12,13,14,16,17,19,21,21,22,23,24,25,28,30,33,36,39,40,42,43,45,46,,80+,5,5,6,6,7,7,8,8,9,9,10,11,12,13,14,15,15,15,15,15,15,16,16,16,16,17,17,16,16,16,16
